id,concept_id,vocabulary_id,dataset_id,count_persons_rows,count_concepts_rows,count_secondary_concepts_rows
1,528323,RxNorm,1,1,1,0
2,703547,RxNorm,1,29,40,0
3,704943,RxNorm,1,1,1,0
4,704944,RxNorm,1,1,2,0
5,705103,RxNorm,1,4,7,0
6,705108,RxNorm,1,4,9,0
7,705944,RxNorm,1,2,2,0
8,708298,RxNorm,1,19,19,0
9,710062,RxNorm,1,2,3,0
10,711584,RxNorm,1,16,16,0
11,711586,RxNorm,1,8,13,0
12,711588,RxNorm,1,2,3,0
13,711589,RxNorm,1,3,4,0
14,711620,RxNorm,1,14,35,0
15,712615,RxNorm,1,3,10,0
16,712616,RxNorm,1,1,8,0
17,712620,RxNorm,1,1,3,0
18,712643,RxNorm,1,2,3,0
19,712649,RxNorm,1,1,1,0
20,713192,RxNorm,1,2,2,0
21,714785,RxNorm,1,1,2,0
22,715233,RxNorm,1,2,2,0
23,715235,RxNorm,1,2,5,0
24,715259,RxNorm,1,2,4,0
25,715939,RxNorm,1,5,7,0
26,715940,RxNorm,1,4,15,0
27,715965,RxNorm,1,1,1,0
28,715997,RxNorm,1,1,1,0
29,717136,RxNorm,1,16,16,0
30,717166,RxNorm,1,16,18,0
31,718583,RxNorm,1,9,24,0
32,718670,RxNorm,1,1,1,0
33,718754,RxNorm,1,5,7,0
34,719174,RxNorm,1,1,1,0
35,719311,RxNorm,1,1,2,0
36,722031,RxNorm,1,2,9,0
37,723013,RxNorm,1,11,17,0
38,723020,RxNorm,1,2,4,0
39,723042,RxNorm,1,9,16,0
40,725131,RxNorm,1,8,9,0
41,725173,RxNorm,1,2,2,0
42,725178,RxNorm,1,5,5,0
43,732893,RxNorm,1,4,14,0
44,733008,RxNorm,1,1,1,0
45,733301,RxNorm,1,2,8,0
46,734275,RxNorm,1,3,4,0
47,734281,RxNorm,1,2,3,0
48,734354,RxNorm,1,4,4,0
49,735951,RxNorm,1,1,1,0
50,735972,RxNorm,1,1,1,0
51,735979,RxNorm,1,1,2,0
52,736021,RxNorm,1,1,1,0
53,739138,RxNorm,1,5,7,0
54,739209,RxNorm,1,4,8,0
55,740275,RxNorm,1,1,2,0
56,740910,RxNorm,1,4,4,0
57,742267,RxNorm,1,3,5,0
58,742303,RxNorm,1,3,9,0
59,744740,RxNorm,1,10,13,0
60,745466,RxNorm,1,4,20,0
61,750982,RxNorm,1,4,15,0
62,752061,RxNorm,1,3,6,0
63,752095,RxNorm,1,2,4,0
64,752205,RxNorm,1,1,1,0
65,752209,RxNorm,1,2,5,0
66,753626,RxNorm,1,49,51,0
67,753629,RxNorm,1,5,6,0
68,755695,RxNorm,1,4,10,0
69,766529,RxNorm,1,16,16,0
70,766814,RxNorm,1,14,17,0
71,766819,RxNorm,1,2,6,0
72,766820,RxNorm,1,14,29,0
73,766842,RxNorm,1,1,1,0
74,766923,RxNorm,1,5,13,0
75,777221,RxNorm,1,8,9,0
76,778474,RxNorm,1,2,2,0
77,778478,RxNorm,1,2,2,0
78,778711,RxNorm,1,3,3,0
79,778765,RxNorm,1,3,4,0
80,781039,RxNorm,1,5,11,0
81,781062,RxNorm,1,2,6,0
82,781182,RxNorm,1,5,9,0
83,785649,RxNorm,1,1,1,0
84,785788,RxNorm,1,11,18,0
85,785821,RxNorm,1,2,5,0
86,785842,RxNorm,1,3,5,0
87,791967,RxNorm,1,48,73,0
88,793238,RxNorm,1,1,1,0
89,793244,RxNorm,1,1,1,0
90,797399,RxNorm,1,15,26,0
91,797415,RxNorm,1,1,1,0
92,797617,RxNorm,1,6,8,0
93,797632,RxNorm,1,2,2,0
94,798874,RxNorm,1,6,7,0
95,798875,RxNorm,1,5,9,0
96,798876,RxNorm,1,1,1,0
97,836208,RxNorm,1,2,2,0
98,901318,RxNorm,1,6,6,0
99,901656,RxNorm,1,14,21,0
100,902427,RxNorm,1,2,3,0
101,902616,RxNorm,1,4,8,0
102,902722,RxNorm,1,3,3,0
103,902807,RxNorm,1,3,7,0
104,903963,RxNorm,1,5,6,0
105,904453,RxNorm,1,2,2,0
106,906780,RxNorm,1,20,20,0
107,906891,RxNorm,1,3,3,0
108,907013,RxNorm,1,6,11,0
109,907016,RxNorm,1,2,9,0
110,907020,RxNorm,1,5,8,0
111,907879,RxNorm,1,9,12,0
112,908523,RxNorm,1,9,9,0
113,909440,RxNorm,1,1,1,0
114,909502,RxNorm,1,1,1,0
115,909841,RxNorm,1,4,5,0
116,911064,RxNorm,1,1,1,0
117,914335,RxNorm,1,5,5,0
118,915175,RxNorm,1,6,9,0
119,915209,RxNorm,1,1,1,0
120,915542,RxNorm,1,3,5,0
121,915981,RxNorm,1,6,9,0
122,917006,RxNorm,1,4,5,0
123,919204,RxNorm,1,3,4,0
124,920293,RxNorm,1,1,1,0
125,922570,RxNorm,1,13,13,0
126,922802,RxNorm,1,5,5,0
127,923540,RxNorm,1,4,4,0
128,923541,RxNorm,1,3,3,0
129,923645,RxNorm,1,21,36,0
130,923672,RxNorm,1,3,3,0
131,923829,RxNorm,1,2,2,0
132,924566,RxNorm,1,11,11,0
133,924939,RxNorm,1,65,81,0
134,925636,RxNorm,1,5,5,0
135,927478,RxNorm,1,5,9,0
136,929435,RxNorm,1,2,3,0
137,929887,RxNorm,1,8,8,0
138,931973,RxNorm,1,3,4,0
139,932745,RxNorm,1,1,1,0
140,932777,RxNorm,1,1,2,0
141,933724,RxNorm,1,3,3,0
142,938205,RxNorm,1,10,14,0
143,938268,RxNorm,1,76,126,0
144,938330,RxNorm,1,75,183,0
145,939506,RxNorm,1,16,18,0
146,939510,RxNorm,1,4,9,0
147,939832,RxNorm,1,5,7,0
148,939871,RxNorm,1,37,131,0
149,939881,RxNorm,1,1,2,0
150,939903,RxNorm,1,1,2,0
151,939976,RxNorm,1,7,7,0
152,941258,RxNorm,1,84,143,0
153,942350,RxNorm,1,7,15,0
154,942384,RxNorm,1,4,41,0
155,942385,RxNorm,1,2,3,0
156,943030,RxNorm,1,3,5,0
157,948078,RxNorm,1,40,58,0
158,948080,RxNorm,1,29,49,0
159,948582,RxNorm,1,5,8,0
160,948856,RxNorm,1,10,13,0
161,948890,RxNorm,1,9,17,0
162,950056,RxNorm,1,9,11,0
163,950637,RxNorm,1,1,3,0
164,950641,RxNorm,1,1,3,0
165,951279,RxNorm,1,1,1,0
166,951469,RxNorm,1,3,3,0
167,951511,RxNorm,1,11,11,0
168,951530,RxNorm,1,3,7,0
169,951535,RxNorm,1,2,2,0
170,952004,RxNorm,1,6,8,0
171,953076,RxNorm,1,39,46,0
172,953102,RxNorm,1,31,49,0
173,954688,RxNorm,1,2,4,0
174,956874,RxNorm,1,54,88,0
175,956877,RxNorm,1,1,1,0
176,957136,RxNorm,1,16,29,0
177,957797,RxNorm,1,1,4,0
178,958999,RxNorm,1,1,1,0
179,961047,RxNorm,1,25,29,0
180,961050,RxNorm,1,23,49,0
181,961145,RxNorm,1,1,1,0
182,962398,RxNorm,1,3,3,0
183,963359,RxNorm,1,14,15,0
184,964339,RxNorm,1,1,1,0
185,964362,RxNorm,1,1,2,0
186,965748,RxNorm,1,8,16,0
187,966010,RxNorm,1,8,9,0
188,966991,RxNorm,1,23,31,0
189,967434,RxNorm,1,18,26,0
190,967823,RxNorm,1,100,201,0
191,967861,RxNorm,1,3,5,0
192,968274,RxNorm,1,4,4,0
193,968304,RxNorm,1,4,6,0
194,968984,RxNorm,1,1,1,0
195,968985,RxNorm,1,3,4,0
196,970250,RxNorm,1,7,16,0
197,970282,RxNorm,1,2,2,0
198,974166,RxNorm,1,6,9,0
199,975125,RxNorm,1,8,9,0
200,980311,RxNorm,1,1,1,0
201,981709,RxNorm,1,1,3,0
202,985247,RxNorm,1,11,14,0
203,986417,RxNorm,1,34,49,0
204,987245,RxNorm,1,16,22,0
205,987250,RxNorm,1,15,50,0
206,987272,RxNorm,1,1,2,0
207,988095,RxNorm,1,3,3,0
208,988294,RxNorm,1,2,2,0
209,989878,RxNorm,1,52,79,0
210,989898,RxNorm,1,1,1,0
211,990499,RxNorm,1,28,36,0
212,990760,RxNorm,1,3,4,0
213,991710,RxNorm,1,28,36,0
214,991764,RxNorm,1,20,46,0
215,991876,RxNorm,1,5,6,0
216,992590,RxNorm,1,5,5,0
217,992673,RxNorm,1,5,12,0
218,992956,RxNorm,1,37,44,0
219,993631,RxNorm,1,15,18,0
220,993653,RxNorm,1,15,29,0
221,994058,RxNorm,1,1,1,0
222,994341,RxNorm,1,3,3,0
223,996416,RxNorm,1,3,3,0
224,997881,RxNorm,1,6,6,0
225,997892,RxNorm,1,3,3,0
226,997997,RxNorm,1,2,2,0
227,998415,RxNorm,1,4,4,0
228,1000560,RxNorm,1,66,98,0
229,1000632,RxNorm,1,2,3,0
230,1036228,RxNorm,1,5,9,0
231,1036233,RxNorm,1,5,15,0
232,1037005,RxNorm,1,4,4,0
233,1037007,RxNorm,1,4,4,0
234,1101554,RxNorm,1,3,4,0
235,1101556,RxNorm,1,1,1,0
236,1102527,RxNorm,1,7,9,0
237,1103314,RxNorm,1,23,26,0
238,1103640,RxNorm,1,2,3,0
239,1106776,RxNorm,1,8,12,0
240,1107830,RxNorm,1,2,2,0
241,1107882,RxNorm,1,1,1,0
242,1110410,RxNorm,1,52,61,0
243,1112807,RxNorm,1,50,92,0
244,1112839,RxNorm,1,2,3,0
245,1112892,RxNorm,1,3,4,0
246,1112921,RxNorm,1,35,43,0
247,1113076,RxNorm,1,23,36,0
248,1113078,RxNorm,1,1,1,0
249,1113079,RxNorm,1,8,9,0
250,1113346,RxNorm,1,43,106,0
251,1114220,RxNorm,1,3,3,0
252,1115008,RxNorm,1,3,3,0
253,1116109,RxNorm,1,1,1,0
254,1119510,RxNorm,1,5,6,0
255,1124957,RxNorm,1,64,102,0
256,1125315,RxNorm,1,89,169,0
257,1126658,RxNorm,1,44,67,0
258,1127433,RxNorm,1,60,133,0
259,1129625,RxNorm,1,13,17,0
260,1134439,RxNorm,1,3,3,0
261,1134771,RxNorm,1,3,7,0
262,1135766,RxNorm,1,37,40,0
263,1136601,RxNorm,1,5,5,0
264,1136682,RxNorm,1,5,6,0
265,1136754,RxNorm,1,1,1,0
266,1136980,RxNorm,1,19,19,0
267,1137529,RxNorm,1,7,8,0
268,1139042,RxNorm,1,3,3,0
269,1139059,RxNorm,1,1,4,0
270,1139699,RxNorm,1,3,3,0
271,1149196,RxNorm,1,1,1,0
272,1149380,RxNorm,1,15,25,0
273,1153013,RxNorm,1,2,2,0
274,1153428,RxNorm,1,1,1,0
275,1154029,RxNorm,1,39,44,0
276,1154062,RxNorm,1,1,1,0
277,1154063,RxNorm,1,1,1,0
278,1154332,RxNorm,1,2,2,0
279,1154343,RxNorm,1,43,61,0
280,1154615,RxNorm,1,2,3,0
281,1163944,RxNorm,1,15,19,0
282,1167322,RxNorm,1,9,21,0
283,1167323,RxNorm,1,9,27,0
284,1174888,RxNorm,1,4,12,0
285,1175625,LOINC,1,55,1407,0
286,1177480,RxNorm,1,18,21,0
287,1178663,RxNorm,1,1,1,0
288,1178665,RxNorm,1,1,1,0
289,1192218,RxNorm,1,2,3,0
290,1192221,RxNorm,1,2,3,0
291,1192710,RxNorm,1,1,1,0
292,1201620,RxNorm,1,2,2,0
293,1300153,RxNorm,1,2,2,0
294,1300673,RxNorm,1,1,1,0
295,1301025,RxNorm,1,17,18,0
296,1301125,RxNorm,1,4,7,0
297,1301165,RxNorm,1,1,2,0
298,1301168,RxNorm,1,1,3,0
299,1304565,RxNorm,1,3,4,0
300,1304850,RxNorm,1,1,4,0
301,1305058,RxNorm,1,1,1,0
302,1307046,RxNorm,1,56,122,0
303,1307863,RxNorm,1,3,3,0
304,1308216,RxNorm,1,22,40,0
305,1308250,RxNorm,1,5,10,0
306,1308251,RxNorm,1,14,30,0
307,1308368,RxNorm,1,5,8,0
308,1308738,RxNorm,1,13,25,0
309,1308842,RxNorm,1,2,2,0
310,1308851,RxNorm,1,1,1,0
311,1308877,RxNorm,1,1,1,0
312,1308972,RxNorm,1,4,9,0
313,1309188,RxNorm,1,1,1,0
314,1309190,RxNorm,1,1,1,0
315,1309944,RxNorm,1,20,24,0
316,1309992,RxNorm,1,14,29,0
317,1309999,RxNorm,1,2,3,0
318,1310149,RxNorm,1,23,32,0
319,1311078,RxNorm,1,1,3,0
320,1311105,RxNorm,1,1,6,0
321,1311799,RxNorm,1,1,1,0
322,1313200,RxNorm,1,1,1,0
323,1314002,RxNorm,1,8,12,0
324,1314008,RxNorm,1,5,13,0
325,1318137,RxNorm,1,9,9,0
326,1318853,RxNorm,1,2,4,0
327,1319133,RxNorm,1,3,3,0
328,1321341,RxNorm,1,25,30,0
329,1322184,RxNorm,1,10,15,0
330,1322185,RxNorm,1,4,6,0
331,1322189,RxNorm,1,2,2,0
332,1326303,RxNorm,1,10,19,0
333,1328165,RxNorm,1,15,32,0
334,1328689,RxNorm,1,6,24,0
335,1332418,RxNorm,1,15,31,0
336,1332419,RxNorm,1,13,44,0
337,1333357,RxNorm,1,1,1,0
338,1333372,RxNorm,1,1,1,0
339,1334456,RxNorm,1,1,1,0
340,1334460,RxNorm,1,1,3,0
341,1337720,RxNorm,1,2,4,0
342,1337860,RxNorm,1,4,6,0
343,1340128,RxNorm,1,5,5,0
344,1340161,RxNorm,1,2,4,0
345,1341927,RxNorm,1,1,2,0
346,1342001,RxNorm,1,2,2,0
347,1343916,RxNorm,1,8,8,0
348,1344143,RxNorm,1,27,33,0
349,1344244,RxNorm,1,3,5,0
350,1344245,RxNorm,1,1,1,0
351,1344905,RxNorm,1,1,1,0
352,1344909,RxNorm,1,1,1,0
353,1346823,RxNorm,1,5,11,0
354,1346990,RxNorm,1,2,3,0
355,1347384,RxNorm,1,2,5,0
356,1347386,RxNorm,1,2,5,0
357,1347387,RxNorm,1,2,2,0
358,1347450,RxNorm,1,15,16,0
359,1350489,RxNorm,1,1,1,0
360,1350490,RxNorm,1,1,1,0
361,1350504,RxNorm,1,1,1,0
362,1353228,RxNorm,1,1,1,0
363,1353578,RxNorm,1,1,1,0
364,1353766,RxNorm,1,4,12,0
365,1353776,RxNorm,1,1,2,0
366,1360421,RxNorm,1,1,1,0
367,1361662,RxNorm,1,2,2,0
368,1361711,RxNorm,1,29,33,0
369,1362979,RxNorm,1,1,1,0
370,1363053,RxNorm,1,1,1,0
371,1363059,RxNorm,1,1,1,0
372,1366754,RxNorm,1,69,235,0
373,1367500,RxNorm,1,5,15,0
374,1367571,RxNorm,1,92,172,0
375,1368671,RxNorm,1,2,2,0
376,1369939,RxNorm,1,1,1,0
377,1370109,RxNorm,1,1,2,0
378,1373928,RxNorm,1,39,49,0
379,1377141,RxNorm,1,2,5,0
380,1377163,RxNorm,1,2,23,0
381,1379525,RxNorm,1,1,1,0
382,1383815,RxNorm,1,8,23,0
383,1383849,RxNorm,1,1,1,0
384,1383851,RxNorm,1,1,1,0
385,1383869,RxNorm,1,1,1,0
386,1383925,RxNorm,1,4,7,0
387,1383988,RxNorm,1,1,1,0
388,1386957,RxNorm,1,12,12,0
389,1387458,RxNorm,1,7,12,0
390,1395058,RxNorm,1,1,1,0
391,1395073,RxNorm,1,1,4,0
392,1395557,RxNorm,1,1,2,0
393,1396012,RxNorm,1,1,1,0
394,1396131,RxNorm,1,10,19,0
395,1396154,RxNorm,1,9,22,0
396,1398937,RxNorm,1,7,13,0
397,1399177,RxNorm,1,3,3,0
398,1399178,RxNorm,1,3,5,0
399,1436678,RxNorm,1,2,5,0
400,1501309,RxNorm,1,1,1,0
401,1501700,RxNorm,1,17,45,0
402,1502905,RxNorm,1,25,57,0
403,1503297,RxNorm,1,11,13,0
404,1504620,RxNorm,1,2,3,0
405,1504621,RxNorm,1,1,1,0
406,1504672,RxNorm,1,2,3,0
407,1506270,RxNorm,1,5,7,0
408,1507835,RxNorm,1,10,11,0
409,1507838,RxNorm,1,5,7,0
410,1510813,RxNorm,1,8,11,0
411,1511646,RxNorm,1,1,1,0
412,1512446,RxNorm,1,1,1,0
413,1513876,RxNorm,1,2,3,0
414,1513912,RxNorm,1,2,10,0
415,1517070,RxNorm,1,4,4,0
416,1517824,RxNorm,1,6,11,0
417,1517827,RxNorm,1,1,1,0
418,1517989,RxNorm,1,1,1,0
419,1518013,RxNorm,1,1,1,0
420,1518254,RxNorm,1,10,12,0
421,1518261,RxNorm,1,1,2,0
422,1518292,RxNorm,1,3,4,0
423,1522957,RxNorm,1,5,6,0
424,1526475,RxNorm,1,3,8,0
425,1526476,RxNorm,1,1,2,0
426,1537655,RxNorm,1,1,1,0
427,1537684,RxNorm,1,1,1,0
428,1539403,RxNorm,1,18,24,0
429,1539407,RxNorm,1,7,12,0
430,1539463,RxNorm,1,12,22,0
431,1545958,RxNorm,1,24,60,0
432,1545959,RxNorm,1,1,4,0
433,1545996,RxNorm,1,9,19,0
434,1545997,RxNorm,1,4,10,0
435,1545998,RxNorm,1,1,1,0
436,1545999,RxNorm,1,1,2,0
437,1548111,RxNorm,1,1,1,0
438,1548160,RxNorm,1,1,3,0
439,1549080,RxNorm,1,1,1,0
440,1549218,RxNorm,1,1,1,0
441,1550023,RxNorm,1,28,60,0
442,1550557,RxNorm,1,3,5,0
443,1551099,RxNorm,1,5,5,0
444,1551101,RxNorm,1,2,9,0
445,1551123,RxNorm,1,1,1,0
446,1551170,RxNorm,1,3,9,0
447,1551192,RxNorm,1,1,3,0
448,1551803,RxNorm,1,3,8,0
449,1551860,RxNorm,1,4,5,0
450,1551924,RxNorm,1,1,3,0
451,1551983,RxNorm,1,2,3,0
452,1555120,RxNorm,1,3,3,0
453,1555142,RxNorm,1,3,5,0
454,1558242,RxNorm,1,1,3,0
455,1559684,RxNorm,1,2,3,0
456,1560163,RxNorm,1,1,1,0
457,1560171,RxNorm,1,6,8,0
458,1560278,RxNorm,1,62,108,0
459,1560524,RxNorm,1,90,163,0
460,1560525,RxNorm,1,43,117,0
461,1560751,RxNorm,1,67,183,0
462,1567198,RxNorm,1,1,2,0
463,1567232,RxNorm,1,1,7,0
464,1580747,RxNorm,1,1,1,0
465,1592526,RxNorm,1,1,2,0
466,1592539,RxNorm,1,12,20,0
467,1592668,RxNorm,1,1,2,0
468,1593063,RxNorm,1,14,24,0
469,1593611,RxNorm,1,38,153,0
470,1593698,RxNorm,1,19,51,0
471,1593966,RxNorm,1,11,30,0
472,1593969,RxNorm,1,24,39,0
473,1594229,RxNorm,1,2,3,0
474,1594705,RxNorm,1,1,2,0
475,1594711,RxNorm,1,1,1,0
476,1596977,RxNorm,1,56,176,0
477,1596999,RxNorm,1,1,2,0
478,1636780,RxNorm,1,1,1,0
479,1703069,RxNorm,1,2,3,0
480,1703687,RxNorm,1,4,15,0
481,1703691,RxNorm,1,3,34,0
482,1705674,RxNorm,1,10,13,0
483,1705676,RxNorm,1,1,1,0
484,1707164,RxNorm,1,23,35,0
485,1707346,RxNorm,1,13,23,0
486,1707348,RxNorm,1,19,36,0
487,1707687,RxNorm,1,55,80,0
488,1709170,RxNorm,1,13,14,0
489,1710281,RxNorm,1,2,3,0
490,1710316,RxNorm,1,2,5,0
491,1712889,RxNorm,1,1,2,0
492,1712912,RxNorm,1,1,4,0
493,1713332,RxNorm,1,5,6,0
494,1713694,RxNorm,1,1,2,0
495,1714277,RxNorm,1,1,4,0
496,1714278,RxNorm,1,1,8,0
497,1714279,RxNorm,1,1,2,0
498,1714303,RxNorm,1,1,4,0
499,1715117,RxNorm,1,1,1,0
500,1716903,RxNorm,1,1,1,0
501,1717240,RxNorm,1,1,1,0
502,1717327,RxNorm,1,10,10,0
503,1717963,RxNorm,1,2,2,0
504,1718696,RxNorm,1,7,12,0
505,1718698,RxNorm,1,21,63,0
506,1718752,RxNorm,1,47,146,0
507,1719046,RxNorm,1,5,5,0
508,1734104,RxNorm,1,10,11,0
509,1735947,RxNorm,1,4,7,0
510,1736887,RxNorm,1,2,2,0
511,1736892,RxNorm,1,1,1,0
512,1738521,RxNorm,1,5,5,0
513,1741122,RxNorm,1,19,23,0
514,1741309,RxNorm,1,1,1,0
515,1742253,RxNorm,1,17,21,0
516,1742257,RxNorm,1,1,1,0
517,1742258,RxNorm,1,5,6,0
518,1742282,RxNorm,1,5,5,0
519,1742284,RxNorm,1,4,8,0
520,1742432,RxNorm,1,1,1,0
521,1746114,RxNorm,1,19,23,0
522,1746940,RxNorm,1,7,7,0
523,1748921,RxNorm,1,1,1,0
524,1748975,RxNorm,1,29,35,0
525,1749008,RxNorm,1,1,1,0
526,1750500,RxNorm,1,2,3,0
527,1750501,RxNorm,1,2,3,0
528,1754994,RxNorm,1,12,13,0
529,1754996,RxNorm,1,1,1,0
530,1756831,RxNorm,1,1,1,0
531,1759842,RxNorm,1,4,5,0
532,1771162,RxNorm,1,33,33,0
533,1776684,RxNorm,1,6,6,0
534,1777087,RxNorm,1,1,1,0
535,1777806,RxNorm,1,28,39,0
536,1784444,RxNorm,1,1,1,0
537,1784447,RxNorm,1,1,1,0
538,1786617,RxNorm,1,1,1,0
539,1786621,RxNorm,1,3,3,0
540,1790812,RxNorm,1,44,45,0
541,1790982,RxNorm,1,44,50,0
542,1797513,RxNorm,1,25,40,0
543,1797515,RxNorm,1,6,8,0
544,1799139,RxNorm,1,3,3,0
545,1799140,RxNorm,1,3,3,0
546,1836241,RxNorm,1,8,8,0
547,1836430,RxNorm,1,9,12,0
548,1836433,RxNorm,1,4,8,0
549,1836434,RxNorm,1,9,12,0
550,1836452,RxNorm,1,2,3,0
551,3000067,LOINC,1,9,26,0
552,3000068,LOINC,1,9,15,0
553,3000099,LOINC,1,11,22,0
554,3000285,LOINC,1,56,140,0
555,3000298,LOINC,1,2,17,0
556,3000330,LOINC,1,86,674,0
557,3000348,LOINC,1,86,674,0
558,3000456,LOINC,1,12,338,0
559,3000461,LOINC,1,52,698,0
560,3000483,LOINC,1,57,261,0
561,3000593,LOINC,1,23,45,0
562,3000764,LOINC,1,20,33,0
563,3000905,LOINC,1,1,16,0
564,3000941,LOINC,1,3,4,0
565,3000963,LOINC,1,100,6505,0
566,3001062,LOINC,1,48,298,0
567,3001122,LOINC,1,32,142,0
568,3001137,LOINC,1,1,4,0
569,3001308,LOINC,1,6,10,0
570,3001318,LOINC,1,29,114,0
571,3001405,LOINC,1,2,17,0
572,3001472,LOINC,1,2,7,0
573,3001494,LOINC,1,76,532,0
574,3001582,LOINC,1,9,30,0
575,3001893,LOINC,1,5,5,0
576,3001950,LOINC,1,5,6,0
577,3002020,LOINC,1,20,66,0
578,3002030,LOINC,1,1,16,0
579,3002091,LOINC,1,5,32,0
580,3002113,LOINC,1,30,806,0
581,3002153,LOINC,1,1,1,0
582,3002179,LOINC,1,30,396,0
583,3002331,LOINC,1,6,15,0
584,3002400,LOINC,1,30,114,0
585,3002620,LOINC,1,1,2,0
586,3002827,LOINC,1,8,46,0
587,3002850,LOINC,1,11,18,0
588,3002888,LOINC,1,51,1495,0
589,3002908,LOINC,1,1,2,0
590,3003105,LOINC,1,24,57,0
591,3003132,LOINC,1,25,35,0
592,3003181,LOINC,1,35,174,0
593,3003282,LOINC,1,100,5400,0
594,3003381,LOINC,1,1,16,0
595,3003396,LOINC,1,63,623,0
596,3003403,LOINC,1,7,8,0
597,3003434,LOINC,1,8,9,0
598,3003709,LOINC,1,26,86,0
599,3003739,LOINC,1,1,43,0
600,3003785,LOINC,1,9,18,0
601,3003793,LOINC,1,1,1,0
602,3003906,LOINC,1,5,9,0
603,3004169,LOINC,1,29,52,0
604,3004249,LOINC,1,59,9661,0
605,3004295,LOINC,1,98,925,0
606,3004297,LOINC,1,30,963,0
607,3004305,LOINC,1,2,7,0
608,3004327,LOINC,1,91,2956,0
609,3004354,LOINC,1,15,26,0
610,3004410,LOINC,1,44,230,0
611,3004501,LOINC,1,100,3597,0
612,3004588,LOINC,1,13,16,0
613,3004616,LOINC,1,1,2,0
614,3004698,LOINC,1,3,753,0
615,3004722,LOINC,1,1,2,0
616,3004837,LOINC,1,1,1,0
617,3004905,LOINC,1,46,119,0
618,3004921,LOINC,1,54,1130,0
619,3004962,LOINC,1,1,76,0
620,3005087,LOINC,1,6,9,0
621,3005131,LOINC,1,44,115,0
622,3005158,LOINC,1,8,15,0
623,3005309,LOINC,1,28,90,0
624,3005456,LOINC,1,69,299,0
625,3005460,LOINC,1,1,1,0
626,3005481,LOINC,1,4,66,0
627,3005555,LOINC,1,15,217,0
628,3005606,LOINC,1,12,325,0
629,3005629,LOINC,1,14,19,0
630,3005686,LOINC,1,5,30,0
631,3005715,LOINC,1,33,153,0
632,3005719,LOINC,1,14,52,0
633,3005854,LOINC,1,15,132,0
634,3005897,LOINC,1,86,674,0
635,3005984,LOINC,1,30,60,0
636,3006122,LOINC,1,20,47,0
637,3006135,LOINC,1,16,230,0
638,3006175,LOINC,1,68,358,0
639,3006490,LOINC,1,4,10,0
640,3006751,LOINC,1,23,45,0
641,3006923,LOINC,1,82,2272,0
642,3006958,LOINC,1,2,2,0
643,3007070,LOINC,1,30,60,0
644,3007124,LOINC,1,17,39,0
645,3007164,LOINC,1,13,42,0
646,3007220,LOINC,1,59,396,0
647,3007350,LOINC,1,19,48,0
648,3007359,LOINC,1,18,94,0
649,3007397,LOINC,1,55,1292,0
650,3007449,LOINC,1,1,16,0
651,3007451,LOINC,1,2,2,0
652,3007469,LOINC,1,53,801,0
653,3007733,LOINC,1,30,112,0
654,3007794,LOINC,1,4,896,0
655,3007876,LOINC,1,100,2680,0
656,3007913,LOINC,1,10,28,0
657,3008047,LOINC,1,1,47,0
658,3008223,LOINC,1,100,3245,0
659,3008251,LOINC,1,6,12,0
660,3008295,LOINC,1,13,29,0
661,3008308,LOINC,1,8,16,0
662,3008449,LOINC,1,3,494,0
663,3008504,LOINC,1,13,24,0
664,3008541,LOINC,1,2,2,0
665,3008598,LOINC,1,14,66,0
666,3008691,LOINC,1,4,5,0
667,3008855,LOINC,1,4,6,0
668,3008939,LOINC,1,30,788,0
669,3009094,LOINC,1,100,3260,0
670,3009201,LOINC,1,41,238,0
671,3009306,LOINC,1,7,20,0
672,3009314,LOINC,1,20,47,0
673,3009361,LOINC,1,2,2,0
674,3009363,LOINC,1,100,1475,0
675,3009395,LOINC,1,1,1,0
676,3009497,LOINC,1,56,1243,0
677,3009540,LOINC,1,100,2668,0
678,3009542,LOINC,1,97,1061,0
679,3009543,LOINC,1,2,7,0
680,3009613,LOINC,1,6,19,0
681,3009682,LOINC,1,11,62,0
682,3009744,LOINC,1,100,5400,0
683,3009858,LOINC,1,1,77,0
684,3009872,LOINC,1,1,1,0
685,3010144,LOINC,1,1,1,0
686,3010189,LOINC,1,76,532,0
687,3010321,LOINC,1,96,2546,0
688,3010340,LOINC,1,7,26,0
689,3010421,LOINC,1,78,964,0
690,3010834,LOINC,1,39,900,0
691,3010939,LOINC,1,1,1,0
692,3010950,LOINC,1,1,2,0
693,3011335,LOINC,1,5,46,0
694,3011368,LOINC,1,34,858,0
695,3011380,LOINC,1,33,153,0
696,3011397,LOINC,1,86,337,0
697,3011412,LOINC,1,2,34,0
698,3011483,LOINC,1,13,36,0
699,3011544,LOINC,1,6,6,0
700,3011589,LOINC,1,3,878,0
701,3011904,LOINC,1,100,4600,0
702,3011922,LOINC,1,2,2,0
703,3011965,LOINC,1,24,51,0
704,3011987,LOINC,1,34,846,0
705,3012030,LOINC,1,100,5400,0
706,3012095,LOINC,1,100,4868,0
707,3012222,LOINC,1,22,46,0
708,3012336,LOINC,1,22,150,0
709,3012381,LOINC,1,2,3,0
710,3012410,LOINC,1,26,96,0
711,3012501,LOINC,1,77,887,0
712,3012516,LOINC,1,10,26,0
713,3012697,LOINC,1,50,143,0
714,3012698,LOINC,1,1,76,0
715,3012888,LOINC,1,59,9660,0
716,3012986,LOINC,1,6,8,0
717,3013075,LOINC,1,1,1,0
718,3013078,LOINC,1,2,30,0
719,3013290,LOINC,1,77,887,0
720,3013429,LOINC,1,91,2956,0
721,3013466,LOINC,1,100,1475,0
722,3013502,LOINC,1,61,253,0
723,3013603,LOINC,1,8,18,0
724,3013650,LOINC,1,45,1104,0
725,3013678,LOINC,1,38,154,0
726,3013682,LOINC,1,100,5860,0
727,3013707,LOINC,1,8,38,0
728,3013721,LOINC,1,82,2276,0
729,3013731,LOINC,1,15,50,0
730,3013940,LOINC,1,1,1,0
731,3014029,LOINC,1,2,24,0
732,3014037,LOINC,1,1,16,0
733,3014080,LOINC,1,80,1248,0
734,3014402,LOINC,1,1,77,0
735,3014543,LOINC,1,2,2,0
736,3014576,LOINC,1,100,6873,0
737,3014644,LOINC,1,1,2,0
738,3014886,LOINC,1,91,1852,0
739,3015094,LOINC,1,2,2,0
740,3015273,LOINC,1,46,672,0
741,3015280,LOINC,1,3,214,0
742,3015377,LOINC,1,99,4680,0
743,3015536,LOINC,1,3,753,0
744,3015688,LOINC,1,2,4,0
745,3015736,LOINC,1,1,3,0
746,3015862,LOINC,1,8,13,0
747,3016038,LOINC,1,29,106,0
748,3016242,LOINC,1,18,42,0
749,3016251,LOINC,1,17,36,0
750,3016293,LOINC,1,100,6585,0
751,3016311,LOINC,1,13,31,0
752,3016335,LOINC,1,100,3268,0
753,3016407,LOINC,1,47,165,0
754,3016502,LOINC,1,45,149,0
755,3016557,LOINC,1,13,44,0
756,3016573,LOINC,1,16,30,0
757,3016647,LOINC,1,2,2,0
758,3016723,LOINC,1,100,6845,0
759,3016750,LOINC,1,66,300,0
760,3016771,LOINC,1,25,41,0
761,3016879,LOINC,1,21,36,0
762,3016991,LOINC,1,11,26,0
763,3017143,LOINC,1,15,46,0
764,3017154,LOINC,1,1,2,0
765,3017161,LOINC,1,1,1,0
766,3017181,LOINC,1,30,395,0
767,3017188,LOINC,1,12,324,0
768,3017196,LOINC,1,2,10,0
769,3017250,LOINC,1,35,213,0
770,3017331,LOINC,1,1,77,0
771,3017400,LOINC,1,3,6,0
772,3017487,LOINC,1,1,77,0
773,3017523,LOINC,1,1,2,0
774,3017594,LOINC,1,50,754,0
775,3017595,LOINC,1,14,32,0
776,3018053,LOINC,1,3,494,0
777,3018133,LOINC,1,2,4,0
778,3018405,LOINC,1,69,530,0
779,3018465,LOINC,1,14,121,0
780,3018572,LOINC,1,51,100,0
781,3018672,LOINC,1,6,8,0
782,3018760,LOINC,1,6,7,0
783,3018834,LOINC,1,86,674,0
784,3018954,LOINC,1,9,18,0
785,3019198,LOINC,1,1,16,0
786,3019298,LOINC,1,3,4,0
787,3019351,LOINC,1,3,753,0
788,3019416,LOINC,1,5,28,0
789,3019473,LOINC,1,6,7,0
790,3019510,LOINC,1,15,48,0
791,3019550,LOINC,1,100,6917,0
792,3019634,LOINC,1,4,88,0
793,3019761,LOINC,1,3,6,0
794,3019800,LOINC,1,59,546,0
795,3019880,LOINC,1,12,176,0
796,3019897,LOINC,1,100,5400,0
797,3019962,LOINC,1,1,1,0
798,3019977,LOINC,1,63,644,0
799,3020149,LOINC,1,15,30,0
800,3020153,LOINC,1,20,47,0
801,3020416,LOINC,1,100,5400,0
802,3020460,LOINC,1,18,84,0
803,3020481,LOINC,1,63,1253,0
804,3020630,LOINC,1,29,356,0
805,3020716,LOINC,1,63,1774,0
806,3020851,LOINC,1,1,2,0
807,3020891,LOINC,1,100,4057,0
808,3021044,LOINC,1,29,156,0
809,3021119,LOINC,1,66,966,0
810,3021200,LOINC,1,3,6,0
811,3021303,LOINC,1,34,832,0
812,3021453,LOINC,1,3,4,0
813,3021502,LOINC,1,34,830,0
814,3021595,LOINC,1,4,26,0
815,3021601,LOINC,1,86,674,0
816,3021717,LOINC,1,1,2,0
817,3021886,LOINC,1,20,320,0
818,3022022,LOINC,1,4,896,0
819,3022094,LOINC,1,20,47,0
820,3022217,LOINC,1,100,1455,0
821,3022318,LOINC,1,100,12441,0
822,3022509,LOINC,1,45,194,0
823,3022533,LOINC,1,1,32,0
824,3022548,LOINC,1,6,7,0
825,3022621,LOINC,1,86,674,0
826,3022747,LOINC,1,18,37,0
827,3022797,LOINC,1,3,708,0
828,3022875,LOINC,1,57,1577,0
829,3022878,LOINC,1,1,1,0
830,3023103,LOINC,1,100,6948,0
831,3023256,LOINC,1,1,1,0
832,3023307,LOINC,1,6,10,0
833,3023314,LOINC,1,100,5706,0
834,3023520,LOINC,1,12,28,0
835,3023539,LOINC,1,86,674,0
836,3023547,LOINC,1,6,9,0
837,3023599,LOINC,1,100,5400,0
838,3023654,LOINC,1,2,17,0
839,3024128,LOINC,1,80,2274,0
840,3024153,LOINC,1,3,86,0
841,3024171,LOINC,1,100,19776,0
842,3024265,LOINC,1,100,3786,0
843,3024463,LOINC,1,1,98,0
844,3024561,LOINC,1,80,1210,0
845,3024629,LOINC,1,86,674,0
846,3024882,LOINC,1,30,137,0
847,3024886,LOINC,1,1,2,0
848,3024929,LOINC,1,100,5534,0
849,3025019,LOINC,1,18,330,0
850,3025255,LOINC,1,76,532,0
851,3025315,LOINC,1,100,363,0
852,3025439,LOINC,1,55,1296,0
853,3025478,LOINC,1,26,42,0
854,3025616,LOINC,1,5,22,0
855,3025696,LOINC,1,1,2,0
856,3025807,LOINC,1,1,77,0
857,3025809,LOINC,1,4,896,0
858,3026250,LOINC,1,1,41,0
859,3026256,LOINC,1,3,753,0
860,3026258,LOINC,1,8,910,0
861,3026314,LOINC,1,34,850,0
862,3026400,LOINC,1,26,86,0
863,3026611,LOINC,1,96,2545,0
864,3026692,LOINC,1,6,13,0
865,3026729,LOINC,1,5,10,0
866,3026782,LOINC,1,32,69,0
867,3026904,LOINC,1,7,66,0
868,3026910,LOINC,1,4,8,0
869,3027008,LOINC,1,20,35,0
870,3027018,LOINC,1,100,19319,0
871,3027114,LOINC,1,29,120,0
872,3027162,LOINC,1,99,2171,0
873,3027200,LOINC,1,1,43,0
874,3027315,LOINC,1,77,887,0
875,3027597,LOINC,1,18,104,0
876,3027598,LOINC,1,58,9738,0
877,3027801,LOINC,1,63,623,0
878,3027920,LOINC,1,20,428,0
879,3027944,LOINC,1,21,34,0
880,3027946,LOINC,1,63,623,0
881,3028026,LOINC,1,13,40,0
882,3028074,LOINC,1,12,314,0
883,3028167,LOINC,1,2,17,0
884,3028308,LOINC,1,8,9,0
885,3028437,LOINC,1,29,52,0
886,3028468,LOINC,1,4,26,0
887,3028561,LOINC,1,3,708,0
888,3028615,LOINC,1,91,2956,0
889,3028639,LOINC,1,1,6,0
890,3028662,LOINC,1,8,16,0
891,3029170,LOINC,1,2,2,0
892,3029187,LOINC,1,27,73,0
893,3031147,LOINC,1,77,887,0
894,3031951,LOINC,1,25,36,0
895,3033364,LOINC,1,4,4,0
896,3033483,LOINC,1,6,21,0
897,3033526,LOINC,1,1,2,0
898,3033575,LOINC,1,91,2956,0
899,3034263,LOINC,1,94,3341,0
900,3034426,LOINC,1,100,2910,0
901,3034593,LOINC,1,1,1,0
902,3034795,LOINC,1,100,1455,0
903,3035206,LOINC,1,100,1657,0
904,3035359,LOINC,1,3,753,0
905,3035509,LOINC,1,2,2,0
906,3035583,LOINC,1,76,532,0
907,3035715,LOINC,1,1,2,0
908,3035816,LOINC,1,100,1654,0
909,3035851,LOINC,1,29,43,0
910,3035856,LOINC,1,1,1,0
911,3035924,LOINC,1,25,41,0
912,3035995,LOINC,1,81,2222,0
913,3036098,LOINC,1,100,1660,0
914,3036176,LOINC,1,1,7,0
915,3036180,LOINC,1,20,32,0
916,3036277,LOINC,1,60,142,0
917,3036345,LOINC,1,53,186,0
918,3036354,LOINC,1,4,118,0
919,3036518,LOINC,1,4,30,0
920,3036535,LOINC,1,2,4,0
921,3036882,LOINC,1,2,4,0
922,3036974,LOINC,1,1,16,0
923,3036987,LOINC,1,13,52,0
924,3037022,LOINC,1,100,1657,0
925,3037087,LOINC,1,1,7,0
926,3037153,LOINC,1,3,4,0
927,3037185,LOINC,1,12,36,0
928,3037244,LOINC,1,76,532,0
929,3037274,LOINC,1,14,32,0
930,3037278,LOINC,1,100,5638,0
931,3037318,LOINC,1,100,1657,0
932,3037347,LOINC,1,100,1654,0
933,3037426,LOINC,1,86,674,0
934,3037490,LOINC,1,47,683,0
935,3037556,LOINC,1,8,564,0
936,3037577,LOINC,1,6,8,0
937,3037579,LOINC,1,2,2,0
938,3037663,LOINC,1,63,623,0
939,3037871,LOINC,1,3,4,0
940,3037885,LOINC,1,34,834,0
941,3038047,LOINC,1,16,34,0
942,3038086,LOINC,1,20,47,0
943,3038104,LOINC,1,9,13,0
944,3038288,LOINC,1,6,15,0
945,3039000,LOINC,1,98,939,0
946,3039006,LOINC,1,93,2207,0
947,3040168,LOINC,1,39,214,0
948,3041079,LOINC,1,8,9,0
949,3041372,LOINC,1,6,8,0
950,3041408,LOINC,1,6,21,0
951,3041635,LOINC,1,6,19,0
952,3042347,LOINC,1,10,174,0
953,3043310,LOINC,1,1,2,0
954,3043387,LOINC,1,8,9,0
955,3043728,LOINC,1,10,22,0
956,3043970,LOINC,1,100,1941,0
957,3044938,LOINC,1,6,15,0
958,3046838,LOINC,1,100,2174,0
959,3047181,LOINC,1,83,749,0
960,3049226,LOINC,1,1,2,0
961,3051714,LOINC,1,9,10,0
962,19000537,RxNorm,1,3,3,0
963,19003514,RxNorm,1,4,8,0
964,19003953,RxNorm,1,2,2,0
965,19004724,RxNorm,1,3,3,0
966,19005046,RxNorm,1,6,10,0
967,19005965,RxNorm,1,3,3,0
968,19006186,RxNorm,1,3,3,0
969,19006410,RxNorm,1,3,3,0
970,19006692,RxNorm,1,3,3,0
971,19006967,RxNorm,1,4,7,0
972,19007572,RxNorm,1,3,3,0
973,19008009,RxNorm,1,2,2,0
974,19008339,RxNorm,1,5,5,0
975,19008523,RxNorm,1,1,1,0
976,19008723,RxNorm,1,5,10,0
977,19009384,RxNorm,1,2,60,0
978,19009540,RxNorm,1,3,3,0
979,19010291,RxNorm,1,1,2,0
980,19010309,RxNorm,1,60,71,0
981,19010403,RxNorm,1,4,7,0
982,19011035,RxNorm,1,60,76,0
983,19011331,RxNorm,1,21,24,0
984,19011661,RxNorm,1,2,2,0
985,19011773,RxNorm,1,13,19,0
986,19012598,RxNorm,1,1,1,0
987,19015726,RxNorm,1,2,2,0
988,19016315,RxNorm,1,2,2,0
989,19016821,RxNorm,1,1,3,0
990,19016865,RxNorm,1,62,146,0
991,19017742,RxNorm,1,1,5,0
992,19017745,RxNorm,1,1,9,0
993,19018013,RxNorm,1,4,6,0
994,19018419,RxNorm,1,2,2,0
995,19018544,RxNorm,1,3,5,0
996,19018781,RxNorm,1,1,2,0
997,19018787,RxNorm,1,4,10,0
998,19018811,RxNorm,1,4,9,0
999,19018909,RxNorm,1,5,6,0
1000,19018935,RxNorm,1,1,2,0
1001,19018937,RxNorm,1,1,1,0
1002,19019003,RxNorm,1,8,14,0
1003,19019044,RxNorm,1,1,1,0
1004,19019050,RxNorm,1,2,2,0
1005,19019072,RxNorm,1,8,10,0
1006,19019073,RxNorm,1,12,14,0
1007,19019112,RxNorm,1,25,77,0
1008,19019113,RxNorm,1,12,25,0
1009,19019122,RxNorm,1,1,1,0
1010,19019236,RxNorm,1,1,1,0
1011,19019272,RxNorm,1,3,5,0
1012,19019306,RxNorm,1,2,3,0
1013,19019307,RxNorm,1,3,5,0
1014,19019308,RxNorm,1,1,1,0
1015,19019309,RxNorm,1,1,1,0
1016,19019333,RxNorm,1,1,1,0
1017,19019334,RxNorm,1,3,4,0
1018,19019335,RxNorm,1,3,4,0
1019,19019418,RxNorm,1,21,45,0
1020,19019419,RxNorm,1,9,14,0
1021,19019529,RxNorm,1,1,1,0
1022,19019581,RxNorm,1,1,1,0
1023,19019630,RxNorm,1,2,2,0
1024,19019851,RxNorm,1,2,8,0
1025,19019937,RxNorm,1,1,7,0
1026,19020053,RxNorm,1,36,78,0
1027,19020131,RxNorm,1,61,99,0
1028,19020398,RxNorm,1,1,1,0
1029,19020994,RxNorm,1,1,1,0
1030,19022486,RxNorm,1,3,6,0
1031,19022749,RxNorm,1,2,3,0
1032,19022750,RxNorm,1,4,14,0
1033,19022782,RxNorm,1,2,3,0
1034,19022948,RxNorm,1,1,2,0
1035,19023636,RxNorm,1,4,7,0
1036,19024728,RxNorm,1,1,1,0
1037,19024770,RxNorm,1,6,10,0
1038,19027362,RxNorm,1,35,44,0
1039,19027805,RxNorm,1,5,33,0
1040,19028579,RxNorm,1,2,2,0
1041,19029685,RxNorm,1,4,5,0
1042,19029876,RxNorm,1,2,2,0
1043,19030761,RxNorm,1,2,4,0
1044,19030762,RxNorm,1,1,1,0
1045,19030765,RxNorm,1,1,5,0
1046,19030766,RxNorm,1,1,1,0
1047,19031216,RxNorm,1,2,5,0
1048,19033354,RxNorm,1,8,9,0
1049,19033500,RxNorm,1,1,1,0
1050,19033606,RxNorm,1,1,1,0
1051,19033627,RxNorm,1,2,4,0
1052,19034049,RxNorm,1,1,2,0
1053,19034645,RxNorm,1,1,10,0
1054,19034646,RxNorm,1,1,1,0
1055,19034805,RxNorm,1,2,4,0
1056,19035072,RxNorm,1,2,3,0
1057,19035247,RxNorm,1,10,13,0
1058,19035279,RxNorm,1,2,2,0
1059,19035577,RxNorm,1,3,3,0
1060,19035631,RxNorm,1,2,3,0
1061,19035704,RxNorm,1,18,26,0
1062,19036004,RxNorm,1,2,2,0
1063,19036210,RxNorm,1,1,1,0
1064,19036628,RxNorm,1,7,11,0
1065,19036781,RxNorm,1,60,76,0
1066,19036829,RxNorm,1,2,2,0
1067,19037038,RxNorm,1,72,87,0
1068,19037427,RxNorm,1,2,6,0
1069,19038853,RxNorm,1,1,1,0
1070,19040187,RxNorm,1,25,68,0
1071,19040856,RxNorm,1,4,5,0
1072,19041171,RxNorm,1,1,1,0
1073,19041255,RxNorm,1,20,22,0
1074,19041287,RxNorm,1,25,66,0
1075,19041823,RxNorm,1,2,2,0
1076,19041926,RxNorm,1,8,12,0
1077,19044522,RxNorm,1,4,4,0
1078,19044609,RxNorm,1,4,5,0
1079,19044710,RxNorm,1,1,1,0
1080,19044727,RxNorm,1,17,21,0
1081,19044994,RxNorm,1,1,1,0
1082,19046742,RxNorm,1,16,23,0
1083,19047064,RxNorm,1,1,3,0
1084,19049024,RxNorm,1,37,131,0
1085,19049105,RxNorm,1,92,153,0
1086,19049684,RxNorm,1,45,166,0
1087,19049686,RxNorm,1,29,134,0
1088,19052489,RxNorm,1,3,3,0
1089,19052736,RxNorm,1,3,3,0
1090,19054242,RxNorm,1,5,5,0
1091,19056802,RxNorm,1,2,2,0
1092,19057568,RxNorm,1,12,19,0
1093,19058274,RxNorm,1,3,4,0
1094,19058319,RxNorm,1,3,5,0
1095,19059412,RxNorm,1,1,1,0
1096,19060985,RxNorm,1,2,2,0
1097,19061088,RxNorm,1,14,14,0
1098,19061089,RxNorm,1,7,12,0
1099,19062817,RxNorm,1,6,10,0
1100,19063575,RxNorm,1,6,7,0
1101,19065567,RxNorm,1,30,57,0
1102,19066774,RxNorm,1,3,3,0
1103,19068781,RxNorm,1,12,26,0
1104,19069022,RxNorm,1,1,1,0
1105,19069149,RxNorm,1,3,3,0
1106,19069200,RxNorm,1,3,4,0
1107,19069629,RxNorm,1,1,1,0
1108,19070371,RxNorm,1,4,6,0
1109,19070869,RxNorm,1,1,3,0
1110,19071430,RxNorm,1,15,19,0
1111,19071454,RxNorm,1,1,1,0
1112,19071700,RxNorm,1,25,291,0
1113,19072176,RxNorm,1,39,63,0
1114,19072240,RxNorm,1,2,4,0
1115,19072270,RxNorm,1,2,3,0
1116,19072321,RxNorm,1,10,15,0
1117,19072933,RxNorm,1,4,14,0
1118,19073094,RxNorm,1,4,6,0
1119,19073183,RxNorm,1,1,1,0
1120,19073612,RxNorm,1,2,2,0
1121,19073712,RxNorm,1,19,35,0
1122,19073777,RxNorm,1,9,17,0
1123,19074247,RxNorm,1,43,58,0
1124,19074492,RxNorm,1,2,4,0
1125,19074558,RxNorm,1,18,35,0
1126,19074672,RxNorm,1,5,15,0
1127,19074697,RxNorm,1,1,3,0
1128,19074932,RxNorm,1,1,1,0
1129,19075032,RxNorm,1,2,2,0
1130,19075034,RxNorm,1,1,1,0
1131,19075378,RxNorm,1,2,2,0
1132,19075380,RxNorm,1,15,39,0
1133,19075429,RxNorm,1,1,1,0
1134,19075601,RxNorm,1,7,15,0
1135,19075602,RxNorm,1,1,2,0
1136,19075605,RxNorm,1,1,1,0
1137,19075954,RxNorm,1,3,9,0
1138,19075955,RxNorm,1,4,5,0
1139,19075984,RxNorm,1,1,1,0
1140,19076077,RxNorm,1,1,1,0
1141,19076145,RxNorm,1,3,5,0
1142,19076175,RxNorm,1,1,1,0
1143,19076492,RxNorm,1,7,28,0
1144,19076493,RxNorm,1,1,1,0
1145,19076658,RxNorm,1,2,10,0
1146,19076714,RxNorm,1,19,22,0
1147,19076734,RxNorm,1,1,3,0
1148,19076953,RxNorm,1,2,2,0
1149,19077241,RxNorm,1,19,27,0
1150,19077342,RxNorm,1,1,3,0
1151,19077375,RxNorm,1,3,5,0
1152,19077462,RxNorm,1,1,5,0
1153,19077463,RxNorm,1,4,14,0
1154,19077464,RxNorm,1,1,1,0
1155,19077513,RxNorm,1,14,33,0
1156,19077546,RxNorm,1,23,53,0
1157,19077547,RxNorm,1,6,18,0
1158,19077548,RxNorm,1,9,32,0
1159,19077549,RxNorm,1,2,3,0
1160,19077577,RxNorm,1,1,4,0
1161,19077601,RxNorm,1,1,1,0
1162,19077631,RxNorm,1,1,1,0
1163,19077636,RxNorm,1,2,4,0
1164,19077637,RxNorm,1,1,2,0
1165,19077638,RxNorm,1,3,4,0
1166,19077682,RxNorm,1,2,3,0
1167,19077763,RxNorm,1,10,11,0
1168,19077884,RxNorm,1,3,4,0
1169,19077928,RxNorm,1,2,2,0
1170,19077929,RxNorm,1,1,2,0
1171,19078092,RxNorm,1,1,1,0
1172,19078097,RxNorm,1,1,1,0
1173,19078106,RxNorm,1,1,1,0
1174,19078126,RxNorm,1,7,8,0
1175,19078530,RxNorm,1,4,16,0
1176,19078554,RxNorm,1,2,3,0
1177,19078557,RxNorm,1,46,175,0
1178,19078921,RxNorm,1,19,30,0
1179,19078924,RxNorm,1,13,23,0
1180,19078925,RxNorm,1,2,2,0
1181,19079119,RxNorm,1,7,8,0
1182,19079133,RxNorm,1,1,1,0
1183,19079138,RxNorm,1,5,10,0
1184,19079139,RxNorm,1,2,4,0
1185,19079154,RxNorm,1,5,7,0
1186,19079177,RxNorm,1,1,1,0
1187,19079250,RxNorm,1,3,6,0
1188,19079322,RxNorm,1,28,77,0
1189,19079462,RxNorm,1,1,5,0
1190,19079497,RxNorm,1,2,5,0
1191,19079527,RxNorm,1,2,3,0
1192,19079658,RxNorm,1,6,19,0
1193,19079712,RxNorm,1,1,6,0
1194,19079960,RxNorm,1,9,15,0
1195,19080040,RxNorm,1,1,1,0
1196,19080095,RxNorm,1,1,1,0
1197,19080125,RxNorm,1,2,5,0
1198,19080128,RxNorm,1,9,20,0
1199,19080129,RxNorm,1,9,16,0
1200,19080217,RxNorm,1,13,43,0
1201,19080793,RxNorm,1,1,1,0
1202,19080985,RxNorm,1,1,1,0
1203,19082306,RxNorm,1,3,3,0
1204,19082350,RxNorm,1,6,11,0
1205,19082373,RxNorm,1,1,1,0
1206,19087090,RxNorm,1,1,2,0
1207,19087102,RxNorm,1,1,5,0
1208,19087105,RxNorm,1,1,1,0
1209,19088079,RxNorm,1,5,9,0
1210,19088571,RxNorm,1,3,3,0
1211,19089150,RxNorm,1,1,1,0
1212,19089969,RxNorm,1,1,1,0
1213,19092377,RxNorm,1,3,3,0
1214,19092849,RxNorm,1,3,4,0
1215,19093848,RxNorm,1,82,125,0
1216,19095164,RxNorm,1,22,43,0
1217,19095165,RxNorm,1,15,39,0
1218,19098167,RxNorm,1,2,3,0
1219,19098454,RxNorm,1,1,7,0
1220,19098474,RxNorm,1,3,12,0
1221,19100691,RxNorm,1,3,12,0
1222,19101814,RxNorm,1,1,1,0
1223,19102399,RxNorm,1,1,1,0
1224,19102504,RxNorm,1,7,11,0
1225,19102518,RxNorm,1,1,1,0
1226,19102773,RxNorm,1,1,1,0
1227,19103985,RxNorm,1,3,3,0
1228,19106768,RxNorm,1,2,2,0
1229,19111620,RxNorm,1,20,33,0
1230,19112586,RxNorm,1,2,5,0
1231,19112640,RxNorm,1,2,6,0
1232,19112656,RxNorm,1,19,23,0
1233,19113528,RxNorm,1,1,4,0
1234,19114563,RxNorm,1,1,1,0
1235,19115197,RxNorm,1,3,3,0
1236,19121195,RxNorm,1,1,1,0
1237,19121580,RxNorm,1,8,20,0
1238,19121909,RxNorm,1,1,1,0
1239,19122045,RxNorm,1,1,3,0
1240,19122148,RxNorm,1,2,8,0
1241,19122506,RxNorm,1,5,10,0
1242,19122573,RxNorm,1,1,1,0
1243,19123038,RxNorm,1,10,14,0
1244,19123104,RxNorm,1,1,3,0
1245,19123167,RxNorm,1,2,2,0
1246,19123173,RxNorm,1,3,3,0
1247,19123353,RxNorm,1,1,1,0
1248,19123359,RxNorm,1,1,2,0
1249,19123592,RxNorm,1,4,15,0
1250,19123593,RxNorm,1,2,4,0
1251,19123989,RxNorm,1,30,59,0
1252,19124445,RxNorm,1,1,1,0
1253,19125043,RxNorm,1,1,1,0
1254,19125897,RxNorm,1,2,2,0
1255,19126023,RxNorm,1,6,6,0
1256,19126173,RxNorm,1,21,29,0
1257,19126251,RxNorm,1,3,12,0
1258,19126405,RxNorm,1,21,25,0
1259,19126581,RxNorm,1,1,2,0
1260,19126731,RxNorm,1,9,10,0
1261,19127005,RxNorm,1,1,1,0
1262,19127213,RxNorm,1,77,462,0
1263,19127417,RxNorm,1,1,1,0
1264,19127952,RxNorm,1,2,2,0
1265,19127954,RxNorm,1,5,5,0
1266,19128377,RxNorm,1,1,2,0
1267,19128380,RxNorm,1,2,9,0
1268,19129446,RxNorm,1,37,122,0
1269,19129965,RxNorm,1,1,1,0
1270,19130222,RxNorm,1,1,1,0
1271,19131009,RxNorm,1,6,23,0
1272,19131065,RxNorm,1,1,1,0
1273,19131082,RxNorm,1,2,3,0
1274,19131111,RxNorm,1,24,41,0
1275,19131118,RxNorm,1,1,5,0
1276,19133257,RxNorm,1,1,1,0
1277,19133365,RxNorm,1,1,3,0
1278,19133435,RxNorm,1,1,1,0
1279,19133566,RxNorm,1,2,2,0
1280,19133570,RxNorm,1,2,4,0
1281,19133574,RxNorm,1,4,11,0
1282,19133621,RxNorm,1,2,2,0
1283,19133622,RxNorm,1,1,1,0
1284,19134036,RxNorm,1,3,6,0
1285,19134047,RxNorm,1,23,38,0
1286,19135374,RxNorm,1,60,220,0
1287,19135631,RxNorm,1,1,1,0
1288,19136048,RxNorm,1,5,10,0
1289,19137312,RxNorm,1,22,32,0
1290,19137328,RxNorm,1,13,29,0
1291,19137329,RxNorm,1,12,27,0
1292,21490516,LOINC,1,54,740,0
1293,21490580,LOINC,1,10,122,0
1294,21490650,LOINC,1,55,1319,0
1295,21490653,LOINC,1,2,313,0
1296,21490662,LOINC,1,2,354,0
1297,21490675,LOINC,1,34,1386,0
1298,21490695,LOINC,1,2,232,0
1299,21490712,LOINC,1,7,110,0
1300,21490753,LOINC,1,56,1359,0
1301,21490776,LOINC,1,2,8,0
1302,21490839,LOINC,1,2,30,0
1303,21490854,LOINC,1,56,2100,0
1304,21490880,LOINC,1,7,98,0
1305,21490888,LOINC,1,9,109,0
1306,21490963,LOINC,1,96,2538,0
1307,21491186,LOINC,1,51,1143,0
1308,21491763,LOINC,1,96,2535,0
1309,21492239,LOINC,1,100,8371,0
1310,21492240,LOINC,1,100,8373,0
1311,21492241,LOINC,1,99,8366,0
1312,21492835,LOINC,1,63,1241,0
1313,21492838,LOINC,1,100,1989,0
1314,21494965,LOINC,1,89,757,0
1315,21494966,LOINC,1,100,2893,0
1316,35202043,RxNorm,1,6,11,0
1317,35602744,RxNorm,1,13,17,0
1318,35602752,RxNorm,1,1,1,0
1319,35602753,RxNorm,1,1,1,0
1320,35602775,RxNorm,1,4,9,0
1321,35602776,RxNorm,1,1,1,0
1322,35603034,RxNorm,1,1,3,0
1323,35603045,RxNorm,1,6,8,0
1324,35603224,RxNorm,1,15,77,0
1325,35603226,RxNorm,1,41,185,0
1326,35603227,RxNorm,1,31,166,0
1327,35603238,RxNorm,1,14,33,0
1328,35603389,RxNorm,1,4,6,0
1329,35603394,RxNorm,1,2,7,0
1330,35603397,RxNorm,1,13,40,0
1331,35603401,RxNorm,1,3,4,0
1332,35603428,RxNorm,1,19,34,0
1333,35603429,RxNorm,1,29,57,0
1334,35603433,RxNorm,1,26,46,0
1335,35603556,RxNorm,1,12,32,0
1336,35603600,RxNorm,1,1,1,0
1337,35603626,RxNorm,1,1,3,0
1338,35603636,RxNorm,1,35,144,0
1339,35603805,RxNorm,1,16,52,0
1340,35603875,RxNorm,1,1,2,0
1341,35604143,RxNorm,1,1,1,0
1342,35604321,RxNorm,1,2,4,0
1343,35604322,RxNorm,1,18,29,0
1344,35604323,RxNorm,1,12,16,0
1345,35604327,RxNorm,1,1,1,0
1346,35604352,RxNorm,1,1,1,0
1347,35604576,RxNorm,1,2,9,0
1348,35604843,RxNorm,1,6,9,0
1349,35604998,RxNorm,1,26,42,0
1350,35605003,RxNorm,1,2,4,0
1351,35605311,RxNorm,1,4,6,0
1352,35605312,RxNorm,1,2,5,0
1353,35605343,RxNorm,1,2,3,0
1354,35605482,RxNorm,1,65,156,0
1355,35605490,RxNorm,1,1,3,0
1356,35605564,RxNorm,1,1,1,0
1357,35605582,RxNorm,1,1,1,0
1358,35605594,RxNorm,1,1,1,0
1359,35605604,RxNorm,1,1,1,0
1360,35605728,RxNorm,1,14,35,0
1361,35605815,RxNorm,1,10,10,0
1362,35605816,RxNorm,1,1,1,0
1363,35605844,RxNorm,1,8,15,0
1364,35605858,RxNorm,1,16,28,0
1365,35605859,RxNorm,1,8,9,0
1366,35605898,RxNorm,1,12,17,0
1367,35605935,RxNorm,1,8,21,0
1368,35605941,RxNorm,1,6,9,0
1369,35606001,RxNorm,1,2,3,0
1370,35606004,RxNorm,1,8,24,0
1371,35606006,RxNorm,1,8,14,0
1372,35606008,RxNorm,1,2,2,0
1373,35606118,RxNorm,1,4,6,0
1374,35606147,RxNorm,1,4,8,0
1375,35606149,RxNorm,1,7,29,0
1376,35606204,RxNorm,1,4,4,0
1377,35606217,RxNorm,1,2,3,0
1378,35606491,RxNorm,1,2,2,0
1379,35606521,RxNorm,1,1,2,0
1380,35606533,RxNorm,1,2,2,0
1381,35606536,RxNorm,1,1,1,0
1382,35606564,RxNorm,1,4,7,0
1383,36203862,LOINC,1,41,684,0
1384,36249322,RxNorm,1,7,13,0
1385,36249513,RxNorm,1,15,19,0
1386,36249613,RxNorm,1,1,1,0
1387,36249687,RxNorm,1,26,56,0
1388,36249703,RxNorm,1,12,23,0
1389,36249712,RxNorm,1,1,1,0
1390,36249734,RxNorm,1,26,82,0
1391,36249735,RxNorm,1,45,170,0
1392,36249736,RxNorm,1,36,99,0
1393,36249737,RxNorm,1,52,149,0
1394,36249738,RxNorm,1,29,68,0
1395,36249739,RxNorm,1,47,139,0
1396,36249752,RxNorm,1,3,5,0
1397,36249753,RxNorm,1,3,3,0
1398,36249934,RxNorm,1,5,8,0
1399,36250141,RxNorm,1,7,18,0
1400,36303946,LOINC,1,48,510,0
1401,37497785,RxNorm,1,1,1,0
1402,37498700,RxNorm,1,14,51,0
1403,40071162,RxNorm,1,12,12,0
1404,40072394,RxNorm,1,24,47,0
1405,40074086,RxNorm,1,6,6,0
1406,40087247,RxNorm,1,4,10,0
1407,40141424,RxNorm,1,42,170,0
1408,40141762,RxNorm,1,1,1,0
1409,40160971,RxNorm,1,2,2,0
1410,40160973,RxNorm,1,2,2,0
1411,40160974,RxNorm,1,6,10,0
1412,40160990,RxNorm,1,3,4,0
1413,40160992,RxNorm,1,5,6,0
1414,40160993,RxNorm,1,1,1,0
1415,40160996,RxNorm,1,2,2,0
1416,40161873,RxNorm,1,1,1,0
1417,40162439,RxNorm,1,1,1,0
1418,40162494,RxNorm,1,3,5,0
1419,40162515,RxNorm,1,1,10,0
1420,40162672,RxNorm,1,1,2,0
1421,40162729,RxNorm,1,1,2,0
1422,40163312,RxNorm,1,3,11,0
1423,40163342,RxNorm,1,1,1,0
1424,40163460,RxNorm,1,2,11,0
1425,40163473,RxNorm,1,29,53,0
1426,40163500,RxNorm,1,10,21,0
1427,40163511,RxNorm,1,15,43,0
1428,40163525,RxNorm,1,10,24,0
1429,40163535,RxNorm,1,10,27,0
1430,40163555,RxNorm,1,14,35,0
1431,40163661,RxNorm,1,44,49,0
1432,40163667,RxNorm,1,31,50,0
1433,40163668,RxNorm,1,44,49,0
1434,40163670,RxNorm,1,44,49,0
1435,40163672,RxNorm,1,44,49,0
1436,40163674,RxNorm,1,44,49,0
1437,40163676,RxNorm,1,44,49,0
1438,40163678,RxNorm,1,44,49,0
1439,40163680,RxNorm,1,44,49,0
1440,40163682,RxNorm,1,44,49,0
1441,40163684,RxNorm,1,44,49,0
1442,40163686,RxNorm,1,44,49,0
1443,40163688,RxNorm,1,44,49,0
1444,40163690,RxNorm,1,44,49,0
1445,40163692,RxNorm,1,44,49,0
1446,40163694,RxNorm,1,44,49,0
1447,40163696,RxNorm,1,44,49,0
1448,40163698,RxNorm,1,44,49,0
1449,40163700,RxNorm,1,44,49,0
1450,40163702,RxNorm,1,44,49,0
1451,40163704,RxNorm,1,44,49,0
1452,40163706,RxNorm,1,44,49,0
1453,40163708,RxNorm,1,44,49,0
1454,40163710,RxNorm,1,44,49,0
1455,40163718,RxNorm,1,1,2,0
1456,40163721,RxNorm,1,1,8,0
1457,40163818,RxNorm,1,4,9,0
1458,40163872,RxNorm,1,4,7,0
1459,40163900,RxNorm,1,1,1,0
1460,40163907,RxNorm,1,1,2,0
1461,40163924,RxNorm,1,2,2,0
1462,40164020,RxNorm,1,3,7,0
1463,40164135,RxNorm,1,3,7,0
1464,40164492,RxNorm,1,3,12,0
1465,40164505,RxNorm,1,2,2,0
1466,40164516,RxNorm,1,2,2,0
1467,40164828,RxNorm,1,23,26,0
1468,40164847,RxNorm,1,17,33,0
1469,40164929,RxNorm,1,9,11,0
1470,40164946,RxNorm,1,2,5,0
1471,40164955,RxNorm,1,4,14,0
1472,40165069,RxNorm,1,8,12,0
1473,40165076,RxNorm,1,2,2,0
1474,40165253,RxNorm,1,2,3,0
1475,40165254,RxNorm,1,7,11,0
1476,40165262,RxNorm,1,1,1,0
1477,40165331,RxNorm,1,1,1,0
1478,40165335,RxNorm,1,2,2,0
1479,40165389,RxNorm,1,1,1,0
1480,40165762,RxNorm,1,1,5,0
1481,40166052,RxNorm,1,2,2,0
1482,40166274,RxNorm,1,28,307,0
1483,40166320,RxNorm,1,2,3,0
1484,40166326,RxNorm,1,1,1,0
1485,40166362,RxNorm,1,2,6,0
1486,40166468,RxNorm,1,2,2,0
1487,40166540,RxNorm,1,11,17,0
1488,40166605,RxNorm,1,41,51,0
1489,40166824,RxNorm,1,3,10,0
1490,40166825,RxNorm,1,7,20,0
1491,40166828,RxNorm,1,6,15,0
1492,40166830,RxNorm,1,11,33,0
1493,40166838,RxNorm,1,2,2,0
1494,40167196,RxNorm,1,31,114,0
1495,40167213,RxNorm,1,47,224,0
1496,40167218,RxNorm,1,17,36,0
1497,40167224,RxNorm,1,1,3,0
1498,40167259,RxNorm,1,2,6,0
1499,40167261,RxNorm,1,32,76,0
1500,40167431,RxNorm,1,2,8,0
1501,40167443,RxNorm,1,1,1,0
1502,40167553,RxNorm,1,6,9,0
1503,40167801,RxNorm,1,1,3,0
1504,40168654,RxNorm,1,4,12,0
1505,40168664,RxNorm,1,4,8,0
1506,40168770,RxNorm,1,2,2,0
1507,40168828,RxNorm,1,13,24,0
1508,40168892,RxNorm,1,1,1,0
1509,40168991,RxNorm,1,31,54,0
1510,40169231,RxNorm,1,4,9,0
1511,40169243,RxNorm,1,4,4,0
1512,40169245,RxNorm,1,2,2,0
1513,40169327,RxNorm,1,2,4,0
1514,40169683,RxNorm,1,5,9,0
1515,40169689,RxNorm,1,2,5,0
1516,40169706,RxNorm,1,10,15,0
1517,40169766,RxNorm,1,1,2,0
1518,40169924,RxNorm,1,2,8,0
1519,40169929,RxNorm,1,3,6,0
1520,40169944,RxNorm,1,2,13,0
1521,40169988,RxNorm,1,4,13,0
1522,40169993,RxNorm,1,1,2,0
1523,40171852,RxNorm,1,1,1,0
1524,40171884,RxNorm,1,1,1,0
1525,40171905,RxNorm,1,1,1,0
1526,40171917,RxNorm,1,2,2,0
1527,40173098,RxNorm,1,18,67,0
1528,40173099,RxNorm,1,4,6,0
1529,40173105,RxNorm,1,4,8,0
1530,40173132,RxNorm,1,1,1,0
1531,40174765,RxNorm,1,11,31,0
1532,40174776,RxNorm,1,33,69,0
1533,40174811,RxNorm,1,5,9,0
1534,40174825,RxNorm,1,2,3,0
1535,40174880,RxNorm,1,2,5,0
1536,40174888,RxNorm,1,7,12,0
1537,40174907,RxNorm,1,1,1,0
1538,40174914,RxNorm,1,1,5,0
1539,40174947,RxNorm,1,2,4,0
1540,40174971,RxNorm,1,1,4,0
1541,40174979,RxNorm,1,2,8,0
1542,40175001,RxNorm,1,2,7,0
1543,40175009,RxNorm,1,2,5,0
1544,40175084,RxNorm,1,1,1,0
1545,40175174,RxNorm,1,1,2,0
1546,40175182,RxNorm,1,3,10,0
1547,40175218,RxNorm,1,4,14,0
1548,40175291,RxNorm,1,1,1,0
1549,40175390,RxNorm,1,2,3,0
1550,40175394,RxNorm,1,2,4,0
1551,40175780,RxNorm,1,1,2,0
1552,40180076,RxNorm,1,2,3,0
1553,40180875,RxNorm,1,1,1,0
1554,40182875,RxNorm,1,6,10,0
1555,40184084,RxNorm,1,1,1,0
1556,40184712,RxNorm,1,1,3,0
1557,40184727,RxNorm,1,5,12,0
1558,40185280,RxNorm,1,3,9,0
1559,40185298,RxNorm,1,4,11,0
1560,40185304,RxNorm,1,3,13,0
1561,40185305,RxNorm,1,1,1,0
1562,40220357,RxNorm,1,65,397,0
1563,40220388,RxNorm,1,34,42,0
1564,40220391,RxNorm,1,2,2,0
1565,40220394,RxNorm,1,11,13,0
1566,40220963,RxNorm,1,1,1,0
1567,40220967,RxNorm,1,12,44,0
1568,40221329,RxNorm,1,3,7,0
1569,40221350,RxNorm,1,45,170,0
1570,40221352,RxNorm,1,10,13,0
1571,40221353,RxNorm,1,6,25,0
1572,40221358,RxNorm,1,27,66,0
1573,40221369,RxNorm,1,14,21,0
1574,40221371,RxNorm,1,1,1,0
1575,40221381,RxNorm,1,4,6,0
1576,40221384,RxNorm,1,15,24,0
1577,40221385,RxNorm,1,88,644,0
1578,40221386,RxNorm,1,41,103,0
1579,40221387,RxNorm,1,39,115,0
1580,40221700,RxNorm,1,1,1,0
1581,40221822,RxNorm,1,3,3,0
1582,40221859,RxNorm,1,2,13,0
1583,40221871,RxNorm,1,2,3,0
1584,40221904,RxNorm,1,1,1,0
1585,40222060,RxNorm,1,1,1,0
1586,40222092,RxNorm,1,1,1,0
1587,40222636,RxNorm,1,1,3,0
1588,40222663,RxNorm,1,7,13,0
1589,40222677,RxNorm,1,1,1,0
1590,40222779,RxNorm,1,3,3,0
1591,40222930,RxNorm,1,5,43,0
1592,40222943,RxNorm,1,1,2,0
1593,40223140,RxNorm,1,7,7,0
1594,40223154,RxNorm,1,3,3,0
1595,40223156,RxNorm,1,1,1,0
1596,40223779,RxNorm,1,1,1,0
1597,40223834,RxNorm,1,1,2,0
1598,40223901,RxNorm,1,4,8,0
1599,40223907,RxNorm,1,3,5,0
1600,40223936,RxNorm,1,1,2,0
1601,40223953,RxNorm,1,1,1,0
1602,40224127,RxNorm,1,2,5,0
1603,40225028,RxNorm,1,9,10,0
1604,40225159,RxNorm,1,5,5,0
1605,40225811,RxNorm,1,2,3,0
1606,40226969,RxNorm,1,24,42,0
1607,40226999,RxNorm,1,4,7,0
1608,40227012,RxNorm,1,10,16,0
1609,40227019,RxNorm,1,2,8,0
1610,40227049,RxNorm,1,3,5,0
1611,40227057,RxNorm,1,2,3,0
1612,40227117,RxNorm,1,1,1,0
1613,40228087,RxNorm,1,3,5,0
1614,40228152,RxNorm,1,1,1,0
1615,40228158,RxNorm,1,1,4,0
1616,40228214,RxNorm,1,1,1,0
1617,40229093,RxNorm,1,56,128,0
1618,40231144,RxNorm,1,3,3,0
1619,40231639,RxNorm,1,4,5,0
1620,40231805,RxNorm,1,3,4,0
1621,40231811,RxNorm,1,5,11,0
1622,40231815,RxNorm,1,1,4,0
1623,40231925,RxNorm,1,21,31,0
1624,40231944,RxNorm,1,2,3,0
1625,40232228,RxNorm,1,2,2,0
1626,40232435,RxNorm,1,6,8,0
1627,40232444,RxNorm,1,6,10,0
1628,40232454,RxNorm,1,9,15,0
1629,40232700,RxNorm,1,18,37,0
1630,40232701,RxNorm,1,3,4,0
1631,40232717,RxNorm,1,2,2,0
1632,40232756,RxNorm,1,48,184,0
1633,40233393,RxNorm,1,5,11,0
1634,40233964,RxNorm,1,1,1,0
1635,40233993,RxNorm,1,2,2,0
1636,40234365,RxNorm,1,2,4,0
1637,40234727,RxNorm,1,1,3,0
1638,40236481,RxNorm,1,1,2,0
1639,40236482,RxNorm,1,1,1,0
1640,40236824,RxNorm,1,3,6,0
1641,40237527,RxNorm,1,1,14,0
1642,40237529,RxNorm,1,1,13,0
1643,40237887,RxNorm,1,1,3,0
1644,40238009,RxNorm,1,1,1,0
1645,40238017,RxNorm,1,3,3,0
1646,40238221,RxNorm,1,10,15,0
1647,40238238,RxNorm,1,1,2,0
1648,40238254,RxNorm,1,2,4,0
1649,40239305,RxNorm,1,1,1,0
1650,40240355,RxNorm,1,7,9,0
1651,40240688,RxNorm,1,1,4,0
1652,40240992,RxNorm,1,6,7,0
1653,40241186,RxNorm,1,2,2,0
1654,40241189,RxNorm,1,2,2,0
1655,40241331,RxNorm,1,2,6,0
1656,40241334,RxNorm,1,1,4,0
1657,40242563,RxNorm,1,1,1,0
1658,40243198,RxNorm,1,4,5,0
1659,40243203,RxNorm,1,1,4,0
1660,40243206,RxNorm,1,2,2,0
1661,40243447,RxNorm,1,1,1,0
1662,40244445,RxNorm,1,1,1,0
1663,40244449,RxNorm,1,2,17,0
1664,40757349,LOINC,1,1,16,0
1665,40757693,LOINC,1,100,3456,0
1666,40758030,LOINC,1,100,275,0
1667,40758035,LOINC,1,1,2,0
1668,40758036,LOINC,1,1,2,0
1669,40760512,LOINC,1,1,4,0
1670,40760530,LOINC,1,1,1,0
1671,40760766,LOINC,1,55,1258,0
1672,40762499,LOINC,1,100,17683,0
1673,40762903,LOINC,1,55,1288,0
1674,40763080,LOINC,1,5,7,0
1675,40763401,LOINC,1,1,2,0
1676,40766231,LOINC,1,90,263,0
1677,40771524,LOINC,1,1,1,0
1678,40771525,LOINC,1,1,2,0
1679,42527086,LOINC,1,56,1342,0
1680,42527140,LOINC,1,47,490,0
1681,42628885,RxNorm,1,1,3,0
1682,42628893,RxNorm,1,1,3,0
1683,42628911,RxNorm,1,1,1,0
1684,42628989,RxNorm,1,2,6,0
1685,42629406,RxNorm,1,1,4,0
1686,42629416,RxNorm,1,1,1,0
1687,42629468,RxNorm,1,3,9,0
1688,42629595,RxNorm,1,4,9,0
1689,42629597,RxNorm,1,5,6,0
1690,42629598,RxNorm,1,6,12,0
1691,42707287,RxNorm,1,17,18,0
1692,42707543,RxNorm,1,4,9,0
1693,42707627,RxNorm,1,2,4,0
1694,42707671,RxNorm,1,4,6,0
1695,42707956,RxNorm,1,2,3,0
1696,42707994,RxNorm,1,3,4,0
1697,42708158,RxNorm,1,1,1,0
1698,42708350,RxNorm,1,1,5,0
1699,42708743,RxNorm,1,50,73,0
1700,42709158,RxNorm,1,3,4,0
1701,42868642,LOINC,1,1,1,0
1702,42873647,RxNorm,1,12,15,0
1703,42873956,RxNorm,1,34,41,0
1704,42873961,RxNorm,1,12,12,0
1705,42874153,RxNorm,1,2,2,0
1706,42901674,RxNorm,1,1,1,0
1707,42901704,RxNorm,1,1,2,0
1708,42901706,RxNorm,1,1,1,0
1709,43011826,RxNorm,1,6,57,0
1710,43011850,RxNorm,1,85,296,0
1711,43011884,RxNorm,1,42,127,0
1712,43011897,RxNorm,1,3,21,0
1713,43012036,RxNorm,1,1,1,0
1714,43012282,RxNorm,1,10,23,0
1715,43013024,RxNorm,1,4,4,0
1716,43013031,RxNorm,1,4,5,0
1717,43055270,LOINC,1,51,773,0
1718,43526395,RxNorm,1,3,7,0
1719,43526717,RxNorm,1,4,4,0
1720,43526897,RxNorm,1,1,1,0
1721,43526962,RxNorm,1,4,7,0
1722,43531944,RxNorm,1,27,29,0
1723,43532878,RxNorm,1,13,20,0
1724,43560451,RxNorm,1,19,27,0
1725,44506695,RxNorm,1,3,4,0
1726,44784779,RxNorm,1,77,196,0
1727,45775137,RxNorm,1,15,21,0
1728,45775571,RxNorm,1,23,24,0
1729,45776042,RxNorm,1,2,2,0
1730,45776267,RxNorm,1,1,1,0
1731,45776699,RxNorm,1,3,7,0
1732,45892419,RxNorm,1,2,2,0
1733,45892526,RxNorm,1,1,1,0
1734,46221574,RxNorm,1,1,1,0
1735,46221581,RxNorm,1,5,8,0
1736,46234346,RxNorm,1,1,1,0
1737,46234500,RxNorm,1,1,6,0
1738,46234511,RxNorm,1,1,6,0
1739,46235654,LOINC,1,100,275,0
1740,46236952,LOINC,1,100,730,0
1741,46275242,RxNorm,1,1,2,0
1742,46275280,RxNorm,1,82,794,0
1743,46275282,RxNorm,1,1,10,0
1744,46275349,RxNorm,1,14,17,0
1745,46275378,RxNorm,1,1,2,0
1746,46275400,RxNorm,1,26,97,0
1747,46275430,RxNorm,1,8,15,0
1748,46275446,RxNorm,1,17,46,0
1749,46275516,RxNorm,1,5,12,0
1750,46275520,RxNorm,1,2,2,0
1751,46275601,RxNorm,1,1,4,0
1752,46275616,RxNorm,1,1,2,0
1753,46275622,RxNorm,1,8,9,0
1754,46275647,RxNorm,1,19,25,0
1755,46275719,RxNorm,1,1,1,0
1756,46275729,RxNorm,1,1,1,0
1757,46275794,RxNorm,1,1,1,0
1758,46275916,RxNorm,1,3,4,0
1759,46275918,RxNorm,1,1,1,0
1760,46275993,RxNorm,1,30,39,0
1761,46275996,RxNorm,1,30,39,0
1762,46275999,RxNorm,1,30,39,0
1763,46276327,RxNorm,1,1,1,0
1764,46276333,RxNorm,1,16,81,0
1765,46287312,RxNorm,1,1,1,0
1766,46287328,RxNorm,1,15,33,0
1767,46287330,RxNorm,1,8,15,0
1768,46287335,RxNorm,1,13,18,0
1769,46287338,RxNorm,1,6,8,0
1770,46287345,RxNorm,1,20,26,0
1771,46287349,RxNorm,1,23,62,0
1772,46287354,RxNorm,1,13,26,0
1773,46287382,RxNorm,1,1,1,0
1774,46287384,RxNorm,1,16,38,0
1775,46287424,RxNorm,1,11,13,0
1776,46287440,RxNorm,1,2,3,0
1777,46287449,RxNorm,1,2,3,0
1778,46287450,RxNorm,1,6,7,0
1779,46287545,RxNorm,1,37,64,0
1780,46287615,RxNorm,1,1,1,0
1781,46287618,RxNorm,1,10,13,0
1782,2000000000,MIMIC-IV,1,1,17,0
1783,2000001001,MIMIC-IV,1,10,28,0
1784,2000001002,MIMIC-IV,1,77,887,0
1785,2000001003,MIMIC-IV,1,77,887,0
1786,2000001004,MIMIC-IV,1,51,100,0
1787,2000001005,MIMIC-IV,1,66,509,0
1788,2000001006,MIMIC-IV,1,57,261,0
1789,2000001007,MIMIC-IV,1,51,142,0
1790,2000001008,MIMIC-IV,1,51,142,0
1791,2000001010,MIMIC-IV,1,83,749,0
1792,2000001011,MIMIC-IV,1,14,19,0
1793,2000001012,MIMIC-IV,1,30,137,0
1794,2000001013,MIMIC-IV,1,61,223,0
1795,2000001014,MIMIC-IV,1,77,887,0
1796,2000001015,MIMIC-IV,1,26,130,0
1797,2000001016,MIMIC-IV,1,78,964,0
1798,2000001017,MIMIC-IV,1,77,887,0
1799,2000001018,MIMIC-IV,1,69,299,0
1800,2000001019,MIMIC-IV,1,10,28,0
1801,2000001020,MIMIC-IV,1,56,140,0
1802,2000001021,MIMIC-IV,1,37,201,0
1803,2000001022,MIMIC-IV,1,26,96,0
1804,2000001023,MIMIC-IV,1,29,109,0
1805,2000001024,MIMIC-IV,1,35,82,0
1806,2000001025,MIMIC-IV,1,6,8,0
1807,2000001026,MIMIC-IV,1,6,13,0
1808,2000001027,MIMIC-IV,1,4,5,0
1809,2000001028,MIMIC-IV,1,2,2,0
1810,2000001029,MIMIC-IV,1,5,7,0
1811,2000001030,MIMIC-IV,1,6,15,0
1812,2000001031,MIMIC-IV,1,15,30,0
1813,2000001035,MIMIC-IV,1,25,35,0
1814,2000001036,MIMIC-IV,1,25,36,0
1815,2000001037,MIMIC-IV,1,6,10,0
1816,2000001038,MIMIC-IV,1,13,31,0
1817,2000001039,MIMIC-IV,1,9,9,0
1818,2000001040,MIMIC-IV,1,100,729,0
1819,2000001043,MIMIC-IV,1,2,2,0
1820,2000001045,MIMIC-IV,1,29,52,0
1821,2000001046,MIMIC-IV,1,46,119,0
1822,2000001049,MIMIC-IV,1,27,73,0
1823,2000001050,MIMIC-IV,1,13,29,0
1824,2000001051,MIMIC-IV,1,13,16,0
1825,2000001052,MIMIC-IV,1,1,41,0
1826,2000001053,MIMIC-IV,1,26,42,0
1827,2000001057,MIMIC-IV,1,6,6,0
1828,2000001058,MIMIC-IV,1,4,4,0
1829,2000001059,MIMIC-IV,1,7,8,0
1830,2000001061,MIMIC-IV,1,8,9,0
1831,2000001062,MIMIC-IV,1,1,2,0
1832,2000001063,MIMIC-IV,1,10,26,0
1833,2000001064,MIMIC-IV,1,21,34,0
1834,2000001065,MIMIC-IV,1,20,33,0
1835,2000001066,MIMIC-IV,1,21,36,0
1836,2000001067,MIMIC-IV,1,1,1,0
1837,2000001068,MIMIC-IV,1,9,18,0
1838,2000001069,MIMIC-IV,1,66,300,0
1839,2000001070,MIMIC-IV,1,20,32,0
1840,2000001071,MIMIC-IV,1,20,35,0
1841,2000001072,MIMIC-IV,1,32,69,0
1842,2000001073,MIMIC-IV,1,1,3,0
1843,2000001074,MIMIC-IV,1,24,51,0
1844,2000001075,MIMIC-IV,1,1,1,0
1845,2000001078,MIMIC-IV,1,3,4,0
1846,2000001079,MIMIC-IV,1,6,19,0
1847,2000001081,MIMIC-IV,1,6,21,0
1848,2000001084,MIMIC-IV,1,4,6,0
1849,2000001085,MIMIC-IV,1,6,19,0
1850,2000001087,MIMIC-IV,1,2,2,0
1851,2000001088,MIMIC-IV,1,2,2,0
1852,2000001096,MIMIC-IV,1,1,1,0
1853,2000001104,MIMIC-IV,1,1,16,0
1854,2000001108,MIMIC-IV,1,1,1,0
1855,2000001111,MIMIC-IV,1,1,1,0
1856,2000001112,MIMIC-IV,1,2,2,0
1857,2000001113,MIMIC-IV,1,1,1,0
1858,2000001115,MIMIC-IV,1,47,165,0
1859,2000001117,MIMIC-IV,1,1,2,0
1860,2000001119,MIMIC-IV,1,6,7,0
1861,2000001120,MIMIC-IV,1,1,16,0
1862,2000001121,MIMIC-IV,1,30,396,0
1863,2000001122,MIMIC-IV,1,30,395,0
1864,2000001125,MIMIC-IV,1,12,28,0
1865,2000001126,MIMIC-IV,1,17,39,0
1866,2000001130,MIMIC-IV,1,1,16,0
1867,2000001134,MIMIC-IV,1,1,1,0
1868,2000001137,MIMIC-IV,1,1,4,0
1869,2000001140,MIMIC-IV,1,1,1,0
1870,2000001143,MIMIC-IV,1,1,1,0
1871,2000001147,MIMIC-IV,1,1,1,0
1872,2000001148,MIMIC-IV,1,2,2,0
1873,2000001150,MIMIC-IV,1,2,2,0
1874,2000001153,MIMIC-IV,1,1,1,0
1875,2000001154,MIMIC-IV,1,1,1,0
1876,2000001158,MIMIC-IV,1,1,1,0
1877,2000001161,MIMIC-IV,1,1,2,0
1878,2000001167,MIMIC-IV,1,3,4,0
1879,2000001169,MIMIC-IV,1,6,9,0
1880,2000001171,MIMIC-IV,1,9,13,0
1881,2000001174,MIMIC-IV,1,6,9,0
1882,2000001177,MIMIC-IV,1,5,5,0
1883,2000001180,MIMIC-IV,1,8,9,0
1884,2000001183,MIMIC-IV,1,2,2,0
1885,2000001184,MIMIC-IV,1,8,9,0
1886,2000001185,MIMIC-IV,1,86,337,0
1887,2000001187,MIMIC-IV,1,2,2,0
1888,2000001192,MIMIC-IV,1,29,43,0
1889,2000001193,MIMIC-IV,1,10,22,0
1890,2000001195,MIMIC-IV,1,2,3,0
1891,2000001196,MIMIC-IV,1,44,115,0
1892,2000001199,MIMIC-IV,1,6,7,0
1893,2000001200,MIMIC-IV,1,6,7,0
1894,2000001203,MIMIC-IV,1,6,15,0
1895,2000001205,MIMIC-IV,1,6,15,0
1896,2000001209,MIMIC-IV,1,9,15,0
1897,2000001210,MIMIC-IV,1,1,1,0
1898,2000001216,MIMIC-IV,1,6,21,0
1899,2000001217,MIMIC-IV,1,39,214,0
1900,2000001219,MIMIC-IV,1,2,24,0
1901,2000001220,MIMIC-IV,1,51,1495,0
1902,2000001224,MIMIC-IV,1,3,4,0
1903,2000001226,MIMIC-IV,1,6,8,0
1904,2000001230,MIMIC-IV,1,6,8,0
1905,2000001231,MIMIC-IV,1,6,8,0
1906,2000001239,MIMIC-IV,1,8,9,0
1907,2000001249,MIMIC-IV,1,1,16,0
1908,2000003001,MIMIC-IV,1,30,58,0
1909,2000003002,MIMIC-IV,1,10,16,0
1910,2000003003,MIMIC-IV,1,16,22,0
1911,2000003005,MIMIC-IV,1,5,6,0
1912,2000003006,MIMIC-IV,1,2,2,0
1913,2000003007,MIMIC-IV,1,7,7,0
1914,2000003008,MIMIC-IV,1,34,45,0
1915,2000003009,MIMIC-IV,1,24,38,0
1916,2000003010,MIMIC-IV,1,10,10,0
1917,2000003011,MIMIC-IV,1,5,5,0
1918,2000003012,MIMIC-IV,1,4,4,0
1919,2000003013,MIMIC-IV,1,5,8,0
1920,2000003014,MIMIC-IV,1,1,1,0
1921,2000003016,MIMIC-IV,1,34,40,0
1922,2000003017,MIMIC-IV,1,78,172,0
1923,2000003018,MIMIC-IV,1,20,24,0
1924,2000003019,MIMIC-IV,1,64,109,0
1925,2000003020,MIMIC-IV,1,14,17,0
1926,2000003021,MIMIC-IV,1,8,8,0
1927,2000003022,MIMIC-IV,1,2,2,0
1928,2000003024,MIMIC-IV,1,1,3,0
1929,2000003025,MIMIC-IV,1,1,1,0
1930,2000003026,MIMIC-IV,1,4,4,0
1931,2000003030,MIMIC-IV,1,10,14,0
1932,2000003032,MIMIC-IV,1,44,68,0
1933,2000003033,MIMIC-IV,1,2,3,0
1934,2000003034,MIMIC-IV,1,1,1,0
1935,2000003035,MIMIC-IV,1,1,1,0
1936,2000003036,MIMIC-IV,1,18,26,0
1937,2000003037,MIMIC-IV,1,2,2,0
1938,2000003040,MIMIC-IV,1,4,6,0
1939,2000003042,MIMIC-IV,1,4,7,0
1940,2000003046,MIMIC-IV,1,1,3,0
1941,2000003051,MIMIC-IV,1,1,3,0
1942,2000003054,MIMIC-IV,1,2,3,0
1943,2000003055,MIMIC-IV,1,56,171,0
1944,2000003057,MIMIC-IV,1,5,5,0
1945,2000003059,MIMIC-IV,1,2,3,0
1946,2000003063,MIMIC-IV,1,1,1,0
1947,2000003064,MIMIC-IV,1,27,30,0
1948,2000003065,MIMIC-IV,1,13,16,0
1949,2000003071,MIMIC-IV,1,2,2,0
1950,2000003072,MIMIC-IV,1,56,82,0
1951,2000003073,MIMIC-IV,1,3,3,0
1952,2000003074,MIMIC-IV,1,51,65,0
1953,2000003075,MIMIC-IV,1,8,8,0
1954,2000003076,MIMIC-IV,1,4,13,0
1955,2000003080,MIMIC-IV,1,1,1,0
1956,2000003083,MIMIC-IV,1,1,1,0
1957,2000003084,MIMIC-IV,1,25,25,0
1958,2000003086,MIMIC-IV,1,1,1,0
1959,2000003087,MIMIC-IV,1,5,5,0
1960,2000003090,MIMIC-IV,1,1,1,0
1961,2000003093,MIMIC-IV,1,40,49,0
1962,2000003094,MIMIC-IV,1,1,1,0
1963,2000003095,MIMIC-IV,1,1,1,0
1964,2000003097,MIMIC-IV,1,14,14,0
1965,2000003098,MIMIC-IV,1,1,1,0
1966,2000003099,MIMIC-IV,1,1,1,0
1967,2000003101,MIMIC-IV,1,1,1,0
1968,2000003102,MIMIC-IV,1,3,3,0
1969,2000003104,MIMIC-IV,1,3,4,0
1970,2000003105,MIMIC-IV,1,12,21,0
1971,2000003106,MIMIC-IV,1,25,43,0
1972,2000003107,MIMIC-IV,1,3,5,0
1973,2000003113,MIMIC-IV,1,2,2,0
1974,2000004001,MIMIC-IV,1,23,657,0
1975,2000004002,MIMIC-IV,1,22,612,0
1976,2000004003,MIMIC-IV,1,3,58,0
1977,2000004004,MIMIC-IV,1,24,725,0
1978,2000004005,MIMIC-IV,1,21,640,0
1979,2000004006,MIMIC-IV,1,35,723,0
1980,2000004007,MIMIC-IV,1,1,1,0
1981,2000004008,MIMIC-IV,1,36,727,0
1982,2000004009,MIMIC-IV,1,36,752,0
1983,2000004010,MIMIC-IV,1,35,735,0
1984,2000004011,MIMIC-IV,1,12,234,0
1985,2000004012,MIMIC-IV,1,8,70,0
1986,2000004013,MIMIC-IV,1,50,935,0
1987,2000004014,MIMIC-IV,1,56,992,0
1988,2000004015,MIMIC-IV,1,52,959,0
1989,2000004016,MIMIC-IV,1,7,74,0
1990,2000004017,MIMIC-IV,1,1,1,0
1991,2000004018,MIMIC-IV,1,9,88,0
1992,2000004019,MIMIC-IV,1,10,94,0
1993,2000004020,MIMIC-IV,1,8,81,0
1994,2000004023,MIMIC-IV,1,2,16,0
1995,2000004024,MIMIC-IV,1,4,87,0
1996,2000004026,MIMIC-IV,1,5,90,0
1997,2000004027,MIMIC-IV,1,4,87,0
1998,2000004028,MIMIC-IV,1,4,22,0
1999,2000004030,MIMIC-IV,1,4,19,0
2000,2000004031,MIMIC-IV,1,4,22,0
2001,2000004032,MIMIC-IV,1,4,22,0
2002,2000004033,MIMIC-IV,1,5,90,0
2003,2000004034,MIMIC-IV,1,4,168,0
2004,2000004036,MIMIC-IV,1,4,171,0
2005,2000004037,MIMIC-IV,1,4,173,0
2006,2000004038,MIMIC-IV,1,3,124,0
2007,2000004045,MIMIC-IV,1,1,11,0
2008,2000004046,MIMIC-IV,1,1,11,0
2009,2000004047,MIMIC-IV,1,1,11,0
2010,2000004048,MIMIC-IV,1,3,17,0
2011,2000004050,MIMIC-IV,1,4,32,0
2012,2000004051,MIMIC-IV,1,2,15,0
2013,2000004052,MIMIC-IV,1,3,27,0
2014,2000004053,MIMIC-IV,1,6,44,0
2015,2000004055,MIMIC-IV,1,7,47,0
2016,2000004056,MIMIC-IV,1,7,47,0
2017,2000004057,MIMIC-IV,1,6,44,0
2018,2000004058,MIMIC-IV,1,1,54,0
2019,2000004060,MIMIC-IV,1,1,54,0
2020,2000004061,MIMIC-IV,1,1,54,0
2021,2000004063,MIMIC-IV,1,1,120,0
2022,2000004064,MIMIC-IV,1,1,126,0
2023,2000004065,MIMIC-IV,1,1,73,0
2024,2000004076,MIMIC-IV,1,33,185,0
2025,2000004077,MIMIC-IV,1,77,989,0
2026,2000004078,MIMIC-IV,1,66,698,0
2027,2000004079,MIMIC-IV,1,20,142,0
2028,2000004080,MIMIC-IV,1,2,6,0
2029,2000004082,MIMIC-IV,1,2,15,0
2030,2000004084,MIMIC-IV,1,3,20,0
2031,2000004085,MIMIC-IV,1,3,20,0
2032,2000004086,MIMIC-IV,1,3,20,0
2033,2000004087,MIMIC-IV,1,1,61,0
2034,2000004088,MIMIC-IV,1,1,61,0
2035,2000004089,MIMIC-IV,1,1,61,0
2036,2000004092,MIMIC-IV,1,2,14,0
2037,2000004094,MIMIC-IV,1,2,150,0
2038,2000004098,MIMIC-IV,1,1,134,0
2039,2000004099,MIMIC-IV,1,3,5,0
2040,2000004102,MIMIC-IV,1,1,7,0
2041,2000004104,MIMIC-IV,1,1,7,0
2042,2000004105,MIMIC-IV,1,1,7,0
2043,2000004106,MIMIC-IV,1,1,7,0
2044,2000004119,MIMIC-IV,1,2,8,0
2045,2000004129,MIMIC-IV,1,2,4,0
2046,2000010100,MIMIC-IV,1,11,44,0
2047,2000010158,MIMIC-IV,1,35,126,0
2048,2000010317,MIMIC-IV,1,2,7,0
2049,2000010722,MIMIC-IV,1,10,13,0
2050,2000010756,MIMIC-IV,1,2,3,0
2051,2000010839,MIMIC-IV,1,1,2,0
2052,2000011260,MIMIC-IV,1,4,8,0
2053,2000011355,MIMIC-IV,1,70,249,0
2054,2000011356,MIMIC-IV,1,1,3,0
2055,2000011357,MIMIC-IV,1,19,23,0
2056,2000011361,MIMIC-IV,1,69,235,0
2057,2000011362,MIMIC-IV,1,2,7,0
2058,2000011364,MIMIC-IV,1,3,4,0
2059,2000011366,MIMIC-IV,1,3,8,0
2060,2000011367,MIMIC-IV,1,16,21,0
2061,2000011368,MIMIC-IV,1,1,1,0
2062,2000011370,MIMIC-IV,1,26,45,0
2063,2000011371,MIMIC-IV,1,1,6,0
2064,2000011372,MIMIC-IV,1,1,1,0
2065,2000011376,MIMIC-IV,1,14,51,0
2066,2000011378,MIMIC-IV,1,25,99,0
2067,2000011379,MIMIC-IV,1,19,51,0
2068,2000011380,MIMIC-IV,1,45,170,0
2069,2000011381,MIMIC-IV,1,19,25,0
2070,2000011382,MIMIC-IV,1,21,33,0
2071,2000011383,MIMIC-IV,1,1,3,0
2072,2000011384,MIMIC-IV,1,57,193,0
2073,2000011385,MIMIC-IV,1,1,2,0
2074,2000011386,MIMIC-IV,1,47,198,0
2075,2000011387,MIMIC-IV,1,1,3,0
2076,2000011388,MIMIC-IV,1,1,3,0
2077,2000011390,MIMIC-IV,1,6,6,0
2078,2000011391,MIMIC-IV,1,6,6,0
2079,2000011392,MIMIC-IV,1,19,36,0
2080,2000011393,MIMIC-IV,1,29,48,0
2081,2000011394,MIMIC-IV,1,5,5,0
2082,2000011395,MIMIC-IV,1,1,1,0
2083,2000011396,MIMIC-IV,1,77,459,0
2084,2000011397,MIMIC-IV,1,47,146,0
2085,2000011398,MIMIC-IV,1,28,77,0
2086,2000011400,MIMIC-IV,1,4,10,0
2087,2000025001,MIMIC-IV,1,6,10,0
2088,2000025002,MIMIC-IV,1,14,32,0
2089,2000025003,MIMIC-IV,1,15,26,0
2090,2000025004,MIMIC-IV,1,8,16,0
2091,2000025005,MIMIC-IV,1,8,15,0
2092,2000025006,MIMIC-IV,1,22,46,0
2093,2000025008,MIMIC-IV,1,16,34,0
2094,2000025009,MIMIC-IV,1,11,18,0
2095,2000025010,MIMIC-IV,1,24,57,0
2096,2000025011,MIMIC-IV,1,20,47,0
2097,2000025012,MIMIC-IV,1,5,6,0
2098,2000025013,MIMIC-IV,1,13,24,0
2099,2000025014,MIMIC-IV,1,5,9,0
2100,2000025015,MIMIC-IV,1,20,47,0
2101,2000025016,MIMIC-IV,1,18,37,0
2102,2000025017,MIMIC-IV,1,20,47,0
2103,2000025018,MIMIC-IV,1,1,1,0
2104,2000025020,MIMIC-IV,1,16,30,0
2105,2000025023,MIMIC-IV,1,8,13,0
2106,2000025024,MIMIC-IV,1,18,42,0
2107,2000025025,MIMIC-IV,1,3,4,0
2108,2000025026,MIMIC-IV,1,20,47,0
2109,2000025027,MIMIC-IV,1,20,47,0
2110,2000025028,MIMIC-IV,1,1,1,0
2111,2000025029,MIMIC-IV,1,3,4,0
2112,2000025545,MIMIC-IV,1,3,3,0
2113,2000025573,MIMIC-IV,1,2,3,0
2114,2000028004,MIMIC-IV,1,27,70,0
2115,2000028005,MIMIC-IV,1,9,32,0
2116,2000028006,MIMIC-IV,1,3,5,0
2117,2000028010,MIMIC-IV,1,1,1,0
2118,2000028015,MIMIC-IV,1,2,3,0
2119,2000028017,MIMIC-IV,1,16,33,0
2120,2000028019,MIMIC-IV,1,5,9,0
2121,2000028020,MIMIC-IV,1,1,1,0
2122,2000028022,MIMIC-IV,1,3,20,0
2123,2000028031,MIMIC-IV,1,3,3,0
2124,2000028032,MIMIC-IV,1,8,11,0
2125,2000028033,MIMIC-IV,1,3,22,0
2126,2000030001,MIMIC-IV,1,100,18362,0
2127,2000030002,MIMIC-IV,1,100,18336,0
2128,2000030003,MIMIC-IV,1,100,17683,0
2129,2000030004,MIMIC-IV,1,100,12441,0
2130,2000030005,MIMIC-IV,1,100,8371,0
2131,2000030006,MIMIC-IV,1,100,8373,0
2132,2000030007,MIMIC-IV,1,99,8366,0
2133,2000030008,MIMIC-IV,1,56,9250,0
2134,2000030009,MIMIC-IV,1,56,9167,0
2135,2000030010,MIMIC-IV,1,56,9166,0
2136,2000030011,MIMIC-IV,1,96,5368,0
2137,2000030012,MIMIC-IV,1,100,3786,0
2138,2000030013,MIMIC-IV,1,100,3268,0
2139,2000030014,MIMIC-IV,1,100,3260,0
2140,2000030015,MIMIC-IV,1,100,3245,0
2141,2000030016,MIMIC-IV,1,100,3324,0
2142,2000030017,MIMIC-IV,1,99,3138,0
2143,2000030018,MIMIC-IV,1,99,3370,0
2144,2000030019,MIMIC-IV,1,99,3310,0
2145,2000030020,MIMIC-IV,1,100,2893,0
2146,2000030022,MIMIC-IV,1,96,2546,0
2147,2000030023,MIMIC-IV,1,96,2545,0
2148,2000030024,MIMIC-IV,1,96,2538,0
2149,2000030025,MIMIC-IV,1,96,2535,0
2150,2000030026,MIMIC-IV,1,99,2746,0
2151,2000030027,MIMIC-IV,1,100,2243,0
2152,2000030028,MIMIC-IV,1,100,2174,0
2153,2000030029,MIMIC-IV,1,93,2207,0
2154,2000030030,MIMIC-IV,1,98,2064,0
2155,2000030031,MIMIC-IV,1,100,1989,0
2156,2000030032,MIMIC-IV,1,99,2087,0
2157,2000030034,MIMIC-IV,1,94,2097,0
2158,2000030035,MIMIC-IV,1,100,1941,0
2159,2000030036,MIMIC-IV,1,99,2006,0
2160,2000030037,MIMIC-IV,1,63,1746,0
2161,2000030038,MIMIC-IV,1,100,1660,0
2162,2000030039,MIMIC-IV,1,100,1657,0
2163,2000030040,MIMIC-IV,1,100,1657,0
2164,2000030041,MIMIC-IV,1,100,1657,0
2165,2000030042,MIMIC-IV,1,100,1654,0
2166,2000030043,MIMIC-IV,1,100,1654,0
2167,2000030044,MIMIC-IV,1,34,1386,0
2168,2000030045,MIMIC-IV,1,63,1253,0
2169,2000030046,MIMIC-IV,1,63,1241,0
2170,2000030047,MIMIC-IV,1,56,1447,0
2171,2000030048,MIMIC-IV,1,56,1331,0
2172,2000030049,MIMIC-IV,1,56,1359,0
2173,2000030050,MIMIC-IV,1,56,1342,0
2174,2000030051,MIMIC-IV,1,55,1314,0
2175,2000030052,MIMIC-IV,1,55,1319,0
2176,2000030053,MIMIC-IV,1,80,1090,0
2177,2000030054,MIMIC-IV,1,55,1288,0
2178,2000030055,MIMIC-IV,1,55,1296,0
2179,2000030056,MIMIC-IV,1,55,1292,0
2180,2000030057,MIMIC-IV,1,55,1258,0
2181,2000030058,MIMIC-IV,1,85,1244,0
2182,2000030059,MIMIC-IV,1,56,1331,0
2183,2000030060,MIMIC-IV,1,56,1243,0
2184,2000030061,MIMIC-IV,1,51,1143,0
2185,2000030062,MIMIC-IV,1,99,992,0
2186,2000030063,MIMIC-IV,1,99,991,0
2187,2000030064,MIMIC-IV,1,99,993,0
2188,2000030065,MIMIC-IV,1,45,1048,0
2189,2000030066,MIMIC-IV,1,96,919,0
2190,2000030067,MIMIC-IV,1,96,909,0
2191,2000030068,MIMIC-IV,1,98,926,0
2192,2000030069,MIMIC-IV,1,98,941,0
2193,2000030070,MIMIC-IV,1,98,925,0
2194,2000030071,MIMIC-IV,1,98,939,0
2195,2000030072,MIMIC-IV,1,98,929,0
2196,2000030073,MIMIC-IV,1,51,773,0
2197,2000030074,MIMIC-IV,1,41,684,0
2198,2000030075,MIMIC-IV,1,30,963,0
2199,2000030076,MIMIC-IV,1,89,757,0
2200,2000030078,MIMIC-IV,1,53,801,0
2201,2000030079,MIMIC-IV,1,52,769,0
2202,2000030080,MIMIC-IV,1,50,661,0
2203,2000030081,MIMIC-IV,1,54,740,0
2204,2000030082,MIMIC-IV,1,52,698,0
2205,2000030083,MIMIC-IV,1,63,644,0
2206,2000030084,MIMIC-IV,1,12,324,0
2207,2000030085,MIMIC-IV,1,12,325,0
2208,2000030086,MIMIC-IV,1,63,623,0
2209,2000030087,MIMIC-IV,1,63,623,0
2210,2000030088,MIMIC-IV,1,63,623,0
2211,2000030089,MIMIC-IV,1,63,623,0
2212,2000030090,MIMIC-IV,1,12,314,0
2213,2000030092,MIMIC-IV,1,15,391,0
2214,2000030093,MIMIC-IV,1,47,683,0
2215,2000030094,MIMIC-IV,1,46,672,0
2216,2000030095,MIMIC-IV,1,69,530,0
2217,2000030096,MIMIC-IV,1,9,488,0
2218,2000030097,MIMIC-IV,1,9,486,0
2219,2000030098,MIMIC-IV,1,9,486,0
2220,2000030099,MIMIC-IV,1,48,510,0
2221,2000030100,MIMIC-IV,1,60,457,0
2222,2000030101,MIMIC-IV,1,18,330,0
2223,2000030102,MIMIC-IV,1,47,490,0
2224,2000030103,MIMIC-IV,1,1,16,0
2225,2000030104,MIMIC-IV,1,2,302,0
2226,2000030105,MIMIC-IV,1,6,89,0
2227,2000030106,MIMIC-IV,1,4,95,0
2228,2000030107,MIMIC-IV,1,4,93,0
2229,2000030108,MIMIC-IV,1,48,298,0
2230,2000030109,MIMIC-IV,1,10,174,0
2231,2000030111,MIMIC-IV,1,2,220,0
2232,2000030112,MIMIC-IV,1,90,236,0
2233,2000030113,MIMIC-IV,1,58,157,0
2234,2000030114,MIMIC-IV,1,32,104,0
2235,2000030115,MIMIC-IV,1,50,143,0
2236,2000030116,MIMIC-IV,1,53,132,0
2237,2000030117,MIMIC-IV,1,58,147,0
2238,2000030118,MIMIC-IV,1,100,127,0
2239,2000030119,MIMIC-IV,1,10,122,0
2240,2000030120,MIMIC-IV,1,9,109,0
2241,2000030121,MIMIC-IV,1,20,145,0
2242,2000030122,MIMIC-IV,1,27,93,0
2243,2000030123,MIMIC-IV,1,27,93,0
2244,2000030124,MIMIC-IV,1,14,32,0
2245,2000030125,MIMIC-IV,1,60,71,0
2246,2000030126,MIMIC-IV,1,60,71,0
2247,2000030127,MIMIC-IV,1,17,36,0
2248,2000030128,MIMIC-IV,1,7,27,0
2249,2000030131,MIMIC-IV,1,8,17,0
2250,2000030134,MIMIC-IV,1,15,45,0
2251,2000030135,MIMIC-IV,1,3,13,0
2252,2000030136,MIMIC-IV,1,6,49,0
2253,2000030137,MIMIC-IV,1,6,39,0
2254,2000030138,MIMIC-IV,1,4,38,0
2255,2000030139,MIMIC-IV,1,4,30,0
2256,2000030140,MIMIC-IV,1,4,28,0
2257,2000030141,MIMIC-IV,1,2,8,0
2258,2000030142,MIMIC-IV,1,2,6,0
2259,2000030143,MIMIC-IV,1,2,6,0
2260,2000030144,MIMIC-IV,1,1,61,0
2261,2000030145,MIMIC-IV,1,1,59,0
2262,2000030146,MIMIC-IV,1,1,59,0
2263,2000030147,MIMIC-IV,1,1,11,0
2264,2000030148,MIMIC-IV,1,1,47,0
2265,2000030149,MIMIC-IV,1,1,17,0
2266,2000030150,MIMIC-IV,1,4,14,0
2267,2000030152,MIMIC-IV,1,2,7,0
2268,2000030153,MIMIC-IV,1,3,3,0
2269,2000030154,MIMIC-IV,1,3,3,0
2270,2000030156,MIMIC-IV,1,4,5,0
2271,2000030157,MIMIC-IV,1,4,5,0
2272,2000030158,MIMIC-IV,1,1,1,0
2273,2000030159,MIMIC-IV,1,1,2,0
2274,2000030160,MIMIC-IV,1,1,1,0
2275,2000030161,MIMIC-IV,1,1,1,0
2276,2000030162,MIMIC-IV,1,1,1,0
2277,2000030163,MIMIC-IV,1,1,1,0
2278,2000031014,MIMIC-IV,1,4,66,0
2279,2000031017,MIMIC-IV,1,6,35,0
2280,2000031018,MIMIC-IV,1,11,153,0
2281,2000031019,MIMIC-IV,1,23,2405,0
2282,2000031020,MIMIC-IV,1,3,9,0
2283,2000031021,MIMIC-IV,1,1,18,0
2284,2000031022,MIMIC-IV,1,2,4,0
2285,2000031024,MIMIC-IV,1,3,13,0
2286,2000031025,MIMIC-IV,1,28,390,0
2287,2000031026,MIMIC-IV,1,91,6531,0
2288,2000031027,MIMIC-IV,1,65,2302,0
2289,2000031028,MIMIC-IV,1,3,6,0
2290,2000031029,MIMIC-IV,1,5,502,0
2291,2000041001,MIMIC-IV,1,4,896,0
2292,2000041002,MIMIC-IV,1,4,896,0
2293,2000041004,MIMIC-IV,1,4,896,0
2294,2000041005,MIMIC-IV,1,4,896,0
2295,2000041006,MIMIC-IV,1,4,896,0
2296,2000041007,MIMIC-IV,1,1,77,0
2297,2000041008,MIMIC-IV,1,1,77,0
2298,2000041009,MIMIC-IV,1,1,7,0
2299,2000041010,MIMIC-IV,1,1,7,0
2300,2000041011,MIMIC-IV,1,1,77,0
2301,2000041012,MIMIC-IV,1,1,43,0
2302,2000041013,MIMIC-IV,1,1,43,0
2303,2000041014,MIMIC-IV,1,1,76,0
2304,2000041015,MIMIC-IV,1,1,76,0
2305,2000041016,MIMIC-IV,1,1,77,0
2306,2000041017,MIMIC-IV,1,1,77,0
2307,2000041018,MIMIC-IV,1,1,21,0
2308,2000041019,MIMIC-IV,1,1,77,0
2309,2000041020,MIMIC-IV,1,3,753,0
2310,2000041021,MIMIC-IV,1,3,753,0
2311,2000041022,MIMIC-IV,1,2,7,0
2312,2000041023,MIMIC-IV,1,2,7,0
2313,2000041024,MIMIC-IV,1,3,753,0
2314,2000041025,MIMIC-IV,1,3,708,0
2315,2000041026,MIMIC-IV,1,3,708,0
2316,2000041027,MIMIC-IV,1,3,494,0
2317,2000041028,MIMIC-IV,1,3,494,0
2318,2000041029,MIMIC-IV,1,3,753,0
2319,2000041030,MIMIC-IV,1,3,753,0
2320,2000041031,MIMIC-IV,1,3,126,0
2321,2000041032,MIMIC-IV,1,3,752,0
2322,2000041033,MIMIC-IV,1,2,354,0
2323,2000041034,MIMIC-IV,1,2,30,0
2324,2000041035,MIMIC-IV,1,2,30,0
2325,2000041036,MIMIC-IV,1,2,30,0
2326,2000041038,MIMIC-IV,1,2,30,0
2327,2000041042,MIMIC-IV,1,2,31,0
2328,2000041044,MIMIC-IV,1,2,30,0
